FULL_NAME,AGE,GENDER,BIRTH_OF_DATE,EMAIL,PHONE_NUMBER,USER_NAME,CREATED_DATE,PASSWORD,IS_ACTIVE,USER_ID
Kieran Knowles,42,0,1978-12-26,nulla@google.com,809023725,IXDOAO056,2024-07-14,VND34LRY7PD,1,ead9af3b-b6e4-47c7-9bf9-e10f60122db7
Tamekah Estrada,28,0,2006-03-30,nullam.vitae@hotmail.org,236452150,RPFJDG514,2024-08-17,HGI75GZU8XC,1,3356c6b3-37cb-4060-afa4-20d66b916ce1
Abdul Dominguez,27,0,1985-09-11,donec.tincidunt@hotmail.ca,735151124,DTUJTM230,2023-06-16,CRM56VYM7FZ,1,ccea9748-4c7d-41e9-8b65-58a63d094a98
Jordan Hatfield,12,1,2008-06-25,praesent.interdum@hotmail.com,36264748,HXROXO684,2021-12-04,OXC66WOY0IN,1,78d8b109-f1ce-49a3-908a-404e6ffcfb99
Roary Matthews,40,0,1993-06-23,ultrices.sit.amet@aol.couk,633541715,EVQTJD322,2022-06-27,HWO86BNN4AS,1,1755e753-bf23-4aac-bda8-581b078d8da7
Ebony Sandoval,43,1,1977-12-04,ultrices.duis@hotmail.org,403912617,HINIUQ096,2022-11-14,PBL47MYE5CB,1,3501f563-d2c4-4556-aac3-aed7761fb322
Barclay Ellis,29,1,2008-02-10,dictum.cursus@hotmail.couk,311383580,EKHCIV426,2022-03-25,TRQ46FDY3FC,1,3eb22eae-4edc-4325-9243-367270f27f7c
Merritt Huffman,13,0,1991-10-24,tempor.arcu.vestibulum@hotmail.com,215086892,QQWRAJ533,2020-05-22,BQL51XNO5DU,1,cf2ff614-6333-4513-9895-9aff7b6daef1
Beck Massey,46,1,2011-04-10,et@protonmail.ca,24585442,MWBBXI174,2025-07-10,PQM06RXF2GK,1,a2357003-73e7-46fa-9094-a6fdd09dc96b
Xyla Anderson,25,0,1976-10-03,placerat.velit.quisque@google.edu,244238232,CGPBOI998,2021-09-08,KAR19CJK7SB,1,77e7bc67-2be2-404d-9687-d09bb784a573
Dara Sargent,13,1,1992-12-03,sapien@icloud.couk,197007580,CGZXQP662,2022-11-05,LCE56CGV5OQ,1,4efb87f6-d205-42f9-8564-9188e24ea833
Lucius Burnett,36,1,2010-02-15,nunc.ac@yahoo.ca,476475070,VHOYFW978,2022-08-06,HLS25DKA7KU,1,22c00be8-1685-467a-9981-0249d514ab97
Shafira Chapman,33,0,2012-06-22,aliquet.diam@hotmail.net,414631833,OICTSJ239,2020-02-17,SXV29QWI7HX,1,585016d0-7c14-462a-8f34-1784ffe1b76c
Curran Merrill,29,1,1994-10-18,ridiculus.mus@google.org,986321873,HWQPCF552,2021-02-02,JLW69HHS8VL,1,d16e2aa9-b488-457a-979b-3905bf87a32b
Vivian Boone,44,1,1984-02-21,nunc@outlook.edu,688471531,OXBWQM108,2021-06-20,FVV71LRJ2EE,1,7dfdc827-8644-4472-bf7d-9a8035e1533b
Lee Whitfield,43,0,2000-09-04,a.scelerisque@protonmail.com,111080356,IMBJIW184,2021-09-08,XWO72MZS1PK,1,3520734c-7808-4fd3-a203-c02e81c3774e
Deanna Michael,36,0,2005-01-15,nullam@yahoo.net,452064420,CCBVDR788,2023-01-14,YDF73LKV6MR,1,7d2eb420-f939-40fa-889d-8f4870d0972c
Blake Bauer,43,0,1996-12-04,proin.non.massa@yahoo.edu,827044468,IOODCY583,2021-06-09,LLH25JSW6OK,1,4fa7d3f6-f1fe-4f12-bc5a-a268736b60b8
Matthew Ross,32,1,1971-01-12,parturient.montes@aol.org,549265274,HWUQNR263,2021-10-22,UYG86WST1NY,1,1cc88838-241a-4bd9-8dc1-4c4b252a1185
Clark Mckee,46,0,2002-12-04,lorem.ipsum.dolor@aol.org,338521883,GPSDZG212,2021-03-28,ZSD62YTZ4WD,1,8b7c2c67-1690-4916-8379-3e1262873b92
Noelle Waters,49,1,1975-12-16,in.consequat.enim@yahoo.ca,858885592,XTXBME517,2025-04-09,AHD48RTJ8DE,1,02a117ec-6cae-4f79-bdfd-5c35168d267c
Zelenia Conway,31,0,1997-01-18,posuere.vulputate@outlook.net,378088127,TAIAGO799,2020-12-21,KFA68VXF0CC,1,fcb21f41-3edf-4e1e-9614-ffe700b93556
Fredericka Grant,38,0,1982-01-12,mauris@hotmail.net,318881757,LGYDBZ781,2024-08-15,SHN24MPV7MT,1,fbee50a0-e925-4c66-98e2-b78e1fa14b16
Shea Short,24,1,1995-08-20,dui.augue@protonmail.edu,762682776,UZUQJD041,2021-06-06,QDO10LOW4GQ,1,d68754ab-9396-432f-a8ab-771fc605fd22
Evan Faulkner,23,0,1987-09-10,pede.malesuada@google.ca,582857769,RDMREP278,2022-03-07,OYK34XSP6PT,1,f7ab0e9b-a3c6-43d7-9e6c-6927fbce6fd3
Quinn David,27,0,2001-07-23,etiam.bibendum@google.ca,289066248,ZTCXMQ827,2019-11-17,CCC71IVR4RW,1,2dcf35dd-03c8-4aac-aaab-8ef8473bed99
Lester Mendoza,39,1,2002-02-09,commodo@aol.edu,837133292,PKEJQH303,2023-05-04,HNO16VSD0KN,1,7e5bc901-7dce-4446-8a31-278c60c77e32
Mollie Harvey,15,0,1993-09-08,ipsum.dolor@yahoo.edu,604389710,GPNTQL204,2024-03-06,VIF38RTB5WB,1,ae6c55fd-aceb-4835-ab58-40c931fd8100
Karina Lyons,40,0,1985-10-15,massa.integer.vitae@aol.couk,698814171,CSPVXW628,2024-04-14,NJQ91IFB5LN,1,eba2ece1-c836-43d4-957e-4e7e46847618
Colin Murray,49,0,1998-06-17,mattis.integer@yahoo.couk,718659285,FTOOGT535,2019-12-26,UIW72SGK7CT,1,9ede8f82-c4aa-4fa9-b535-8b3e9d40f992
Kato Gilmore,31,1,1977-05-21,tortor.nunc@google.ca,527014774,IIDUDE691,2025-09-20,NUB65XIN3TE,1,1eb002e7-d3fd-4450-966d-49c5b2e76f35
Daquan Bird,43,1,1996-10-09,aliquam.adipiscing@aol.net,124348937,HLBUEP115,2021-01-26,JZK14DIQ6GX,1,6915a867-f982-4306-99eb-51edc9744d7e
Rhona Mitchell,45,1,2012-12-09,fusce.diam@icloud.org,429126442,DGLMYZ550,2021-06-24,XOP35RDD1MU,1,4de2dc3e-55aa-4300-a0ce-945f6aed9497
Calvin Navarro,25,1,2007-07-06,sit.amet.consectetuer@outlook.couk,470851516,HZQGHH317,2020-04-06,SLC60SLG1MK,1,9f5fccb1-7d2b-4948-8b8a-5ee7105384e3
Illana Glover,32,1,1988-05-16,sem.molestie@protonmail.com,34469842,HYLZJT532,2021-09-02,ERK94IUJ9NT,1,169a532f-3028-4f1b-b1dc-97178d2957bb
Adria Mcneil,45,1,1982-08-11,placerat.cras@hotmail.ca,233868320,OYYTVD164,2024-03-22,BJC15BSH2CX,1,82bba957-5b88-42b6-bc0f-aba83718024e
Minerva Shepherd,18,1,1986-07-20,donec.porttitor@protonmail.org,366666784,HRNYIQ778,2020-04-22,BQT80FDN6KS,1,c04109bf-ea99-480e-af33-25cfe960e64e
Jakeem Richmond,16,0,2010-12-15,integer.aliquam.adipiscing@google.com,81148568,XEYPTL536,2025-03-13,FTJ23TAT2WR,1,04c5b68a-14cc-423f-ab39-93e1853e15b8
Ignacia Bray,16,1,1987-05-11,nulla@hotmail.edu,541787311,CXYDKG217,2025-07-15,VHP17NYC9VD,1,62ecb2cf-c9d2-45aa-9453-950c51664754
Isabelle Lawson,15,0,1982-05-08,tortor.dictum.eu@google.net,636647677,GCXCMK442,2024-08-10,PHA74QPX6GN,1,99de45a0-8c29-4230-aa1e-671af68b5f21
Audrey Mooney,22,1,1991-05-27,praesent.eu@protonmail.edu,547216475,BJCYTR444,2021-01-13,OHG42YQW2JK,1,8df70551-ba57-4c45-8865-7615e9cfb805
Rana Butler,30,0,1979-05-19,aliquam.erat@google.org,791032603,VMBKGS118,2020-02-14,BTC76MRW5FO,1,180a338f-5e19-4939-b812-3afdfbdef5ea
Jordan Perez,42,1,1978-09-29,auctor@aol.couk,133136315,JFRXKR848,2019-12-07,DTH44LUR1GX,1,d6e3845f-3a26-4224-9cee-42113439f398
Beatrice Conner,36,1,1975-05-14,nunc.in.at@hotmail.net,349793667,QRYRKL689,2023-09-18,HNI83MFA4FI,1,2df25d4b-5e76-4183-b7d2-f02e09af31f3
Sonya Hansen,33,1,1975-04-19,rhoncus.id.mollis@aol.ca,711429463,PSBOUD716,2022-06-10,BCD46MFF3XG,1,2119260e-60d2-4e40-ad9f-ed10e9f2b9df
Quemby Moore,25,1,2012-03-08,consectetuer.mauris@hotmail.com,726156508,GZWEFT538,2022-02-23,REN63KKV4TS,1,1bafa26f-04e7-4587-b949-b9e66421e696
Nissim Prince,45,0,2005-07-19,a.odio@outlook.net,548742389,CRODDW045,2021-04-11,BCD41CSG3DJ,1,d925fc1a-ed74-4f99-abb5-55060398a4f3
Drake Hernandez,40,1,2006-06-14,bibendum@aol.couk,572883747,FHDOTZ454,2022-10-11,BIX54UVC0IP,1,2e89f601-c2e1-40d3-a322-46fc7623cd74
Keely Miles,33,1,1972-06-21,nibh.enim@google.ca,820884376,SRTSXD356,2022-08-12,ZTD13THY4RE,1,73c026b5-a3b7-45a0-bef1-f202f9c1cace
Wesley Johnston,42,1,1986-04-10,ut@icloud.couk,308768356,KBGFWG168,2025-04-08,DFS33TFB5LM,1,fa7cd9ec-a188-481f-8ce1-5a318be4d781
Maris Barton,17,0,2003-05-17,adipiscing.lobortis@outlook.edu,49932705,FOVNJT349,2024-05-06,FIF85QRV7AQ,1,1f1e60ba-8d72-4f45-a7c6-1b69d4802875
Lester Nicholson,46,0,1990-02-07,sed.dui@outlook.com,422452162,JDFBFN366,2023-06-17,JEE72TVU6SS,1,787b388e-13b7-48c3-b71f-d0034f71e922
Noelle Mcbride,39,1,1982-09-09,habitant.morbi@aol.ca,953438654,VKJORT003,2020-05-10,RQQ46OHJ4AZ,1,a566e4e7-ccdd-494d-9987-c1403eaffe04
Grant Ortiz,12,0,2012-11-10,integer.vitae.nibh@google.ca,645301687,JTGMIT247,2021-08-27,WTP62KCL3MM,1,24f225f6-de7e-48f5-86e4-acd2cacee3c2
Iola Velasquez,27,0,2012-06-22,luctus.aliquet.odio@outlook.edu,82365308,VOKZRS147,2020-08-13,GHK34PSD3GQ,1,0eae8507-45f8-429f-ae69-8940c628775f
Axel Cote,23,0,2007-11-09,ultrices.posuere@hotmail.com,627792933,OGTXHE096,2022-11-27,SNH79XCS4TA,1,26881dc3-f50a-4247-9b71-4dd024755b8b
Burton Montoya,28,0,1975-08-27,facilisis.eget@yahoo.org,587144425,IGJFTU753,2022-11-22,NSB65CBT7KH,1,6a9df34d-ec3c-4297-8cdc-4425106528fc
Zorita Gillespie,29,0,1982-05-09,nec.tellus@protonmail.couk,526165387,UHCLQT363,2019-11-11,JML43GGW8SO,1,546202e3-fff7-43fd-9c66-b1e4e148a336
Leandra Britt,32,0,1998-06-01,ante.ipsum@yahoo.com,389986269,FVLVVF422,2025-01-04,IPG16UFJ4SM,1,65cb8838-eb72-41e4-9d95-b24be76f2ee5
Axel Conner,40,0,1991-11-07,lectus.pede@yahoo.net,845416598,WBUMOU636,2020-08-15,PLX22BSU5XN,1,bc0abcea-ca89-40aa-af44-f0cc2facc6b6
Timothy Blackburn,16,0,2011-03-04,nam.nulla@icloud.org,116241721,FGWOYJ249,2024-01-23,EHY64GEG3VX,1,6d542571-a58e-46ea-b848-f8509ac9312f
Kalia Williams,15,1,1999-10-20,parturient.montes@outlook.net,793005122,KWNHCU613,2022-03-28,WVP46EFY5DX,1,bcac4262-a3f1-41d7-ac29-4adbb333d8eb
Gail Petty,34,1,1986-01-29,nullam.feugiat@google.edu,85820654,WVJTSF427,2021-07-31,OCM76UDW4NQ,1,d86fb07d-a36d-41ff-b538-2988822d0728
Jaime Valencia,38,0,1976-09-04,aliquam.auctor@google.ca,655437238,PAJGPG962,2022-04-29,XEC78GZG8BW,1,9876ee81-ec27-4194-904a-dafb6b3a5c94
Iona Turner,39,1,1973-05-18,sapien.gravida@yahoo.ca,943670016,QZXCMG776,2025-07-23,JSH83GOA4WM,1,c0e55ab3-d87c-42c0-8517-1506f81f16cd
Leigh Joyce,35,1,1986-07-31,eu.dolor@google.org,339013371,IFOORH479,2024-08-30,MPG45LXR4VS,1,f10680d8-e74b-47c8-bf0f-41cd4ae07569
Blossom Sims,39,1,2005-09-05,et@google.couk,588413072,ZOUHKV789,2024-09-29,XXR88GQZ0DI,1,011edcf6-528c-4db2-9f3c-90148d4df8fe
Sasha Weiss,43,1,1976-03-03,odio.phasellus.at@yahoo.edu,881527316,KUVJCM727,2025-08-25,JOV66ODR5OG,1,eda71a55-2525-460e-aef5-e8c159d5d834
Lani Adams,49,0,1992-03-26,eros@hotmail.couk,313935159,OIQCQS315,2024-11-24,UNK15JKO5JT,1,876ea70b-f32a-4e33-b076-b1054e608bc8
Hiram Newton,42,1,2005-05-17,lectus.pede@hotmail.com,340188618,MAVJTF821,2023-09-18,EHS27YKZ4CE,1,7e7d706a-8ea8-4fc7-a6d1-17a90ecfafbc
Lucian Warner,19,0,1971-03-26,dis@google.net,173742760,XNJTXU895,2024-10-10,AWD51PUG1CA,1,efa9981c-4809-4310-94c7-70c0b8181fa8
Wade Mcgowan,25,1,1990-05-09,sed.nec.metus@protonmail.edu,881096753,GWUIMC630,2025-09-22,LZO23RUJ8RC,1,d3a623e3-5ec3-46c2-acca-ba31aa924919
Edward Guerra,48,0,1970-02-21,integer.mollis.integer@outlook.ca,843747428,XFAVLY556,2024-04-16,JJX84SRD1HM,1,df6911e6-819b-467b-a371-f690561e4202
Dolan Levine,48,0,1978-01-08,urna.nunc@hotmail.ca,193458347,QGDBBR698,2022-06-15,FNS16ORK5MJ,1,e3533e8a-4e3a-4fff-9a34-18373541d5b8
Tana Farmer,19,1,2010-01-03,ullamcorper@protonmail.org,755553685,QWGKUG234,2020-10-21,MMD32NHM8YO,1,ca7ae22f-bf80-453b-9c5b-4e2b7fbf62e1
Merritt Carson,22,1,1974-03-25,molestie.pharetra@google.com,312457253,NQTSPS782,2024-08-30,MMX15PJG7PR,1,d584ad14-8d70-42e9-9d41-af60daf73fd7
Preston Fischer,12,1,1995-04-11,ridiculus@protonmail.edu,886733845,BCLJMK303,2022-10-31,JDK14SUF7PK,1,52686b06-f317-4c52-9822-0c7a31045343
September Booker,28,1,2006-01-26,et@protonmail.couk,861374435,FNPEBT348,2023-08-12,KWB45JHA2AK,1,932f8ebb-3a3c-4c75-ae3f-88a46663b765
Yardley Sanders,12,1,1972-06-02,velit.pellentesque.ultricies@protonmail.org,67250598,DTHKIM188,2025-04-13,HIO32QDN8WG,1,0fca385a-6842-4b73-899d-974fe49e56e3
Timon Haynes,17,1,1998-11-07,hymenaeos.mauris.ut@outlook.net,485561466,HXTIRV253,2024-10-12,DHS14GWF2EE,1,7cc76f4d-4d96-4f40-9f3b-80e142bb9b8d
Eric Fuentes,27,1,1999-05-30,vitae.erat@yahoo.com,886061183,MLGJND688,2025-02-18,LTF84EUM1FF,1,9f95fe1d-f622-448e-aba1-d5aff1e1c395
Ginger Morrison,21,1,1970-12-07,non@yahoo.ca,964214883,UXUCQU257,2025-09-22,FPV61UUP2LN,1,e73f0f67-6030-4894-92e1-7ba87469e9e7
Jameson Meyers,18,0,2010-03-26,et.nunc@hotmail.couk,723322350,XIQUCI150,2023-02-05,GMF50DKT5IM,1,b36f3ce4-020e-4190-baca-0f966fc8ba5d
Mason Farley,13,0,1994-07-28,ullamcorper@aol.couk,18293095,CPTLFW630,2025-09-13,KQM45WEH7FX,1,699aa967-d5e7-4431-bb70-bb80db2f0cc3
Cedric Cantu,49,1,1991-06-30,dictum.proin@protonmail.net,779175882,SIZEOG652,2020-07-29,VHX84ELX9KT,1,db0c5bc5-93d1-4934-a913-0dba6c02da08
Gillian Emerson,28,0,2003-10-07,luctus@google.couk,165419796,IDOBLQ246,2023-03-09,GMJ02MCC3LA,1,93ac009d-6007-498e-8e30-f72a350ef11c
Jackson Smith,30,0,2006-11-14,aliquam@google.edu,997754621,WEYUBH151,2023-10-22,SNH75PYF5TG,1,a6a7d5b5-ace4-4771-bd48-8f446a374714
Erica Riggs,38,0,1986-09-09,morbi.quis@aol.com,914542582,KOMBWB601,2025-02-18,RMP38NZJ3IH,1,45d19bd0-b049-4fae-8c30-7dadca44ca2c
Ulric Webb,26,1,2002-01-05,proin@hotmail.net,481175138,GHHBOF249,2022-11-26,URJ26YLP4UP,1,470def6d-9413-48ab-a0c9-d37c977330ed
Cathleen Ortega,40,1,1996-11-30,nec.euismod.in@aol.couk,392676200,YJKHRR635,2024-09-29,IBG26MMY3BH,1,b6783b8f-2c27-49f1-9e76-e89e003afca5
Graham Hays,43,0,2002-02-01,eu.tellus@outlook.edu,600143829,OVOYZL112,2022-07-16,WHI33JEK8YB,1,e5c7cab6-bf5f-4a0e-823e-337ecd2b9ef6
Oliver Pope,16,1,1989-08-11,dictum.eleifend@outlook.couk,363681138,CJDJYJ422,2020-04-01,SMQ35HSP1SQ,1,b1fde914-d46b-4c71-80c4-0c71973fda18
Ulysses Green,41,1,2008-07-21,dictum@icloud.ca,163436437,UYNFPO022,2021-02-18,XQF27SXI4HX,1,44f5c7aa-2a0e-42c9-ba32-4eb9ee7d0630
Inga Guzman,28,1,1982-10-03,erat.volutpat.nulla@google.com,589377137,MTTFWB468,2022-03-27,MSI54EHR4GJ,1,e1e62f6b-b2fb-4a16-84f3-423f568202d7
Lucy Martin,25,0,1976-02-03,libero.dui@yahoo.ca,34831228,NUAYJX587,2025-07-26,GOJ72CCY2ZV,1,720f5aa9-0821-40f0-bb11-32b4029c6ca5
Natalie Hale,11,1,1992-05-27,odio.aliquam@hotmail.com,173417364,KAKRRB537,2025-05-09,FVT47REW5PQ,1,4f76bc01-e753-4641-9f4c-048043fb0d45
Jelani Vance,48,1,1973-04-03,nec.urna.et@aol.com,688422103,QHIHEQ553,2021-07-14,QMA40GYC1WR,1,1af35d34-80ab-4e82-ba33-0a662cb71026
Illiana Joyner,23,0,2008-11-25,ac.feugiat.non@yahoo.edu,833483320,SWVKSF920,2023-09-25,GPG97LGU0XF,1,95a4ba07-7c65-4365-86c7-bfa9a924bcbf
Carl Castro,45,0,1997-02-15,ornare.tortor@yahoo.couk,508489478,FCLSHA981,2022-10-04,ZPM32VFC5LX,1,b52c4211-ffe1-479d-ad4d-236b13e4a451
Winifred Brady,23,0,1991-07-04,erat.semper@aol.couk,873417522,IYXXIP181,2020-06-23,GRD12JTI3IC,1,b74663f2-e10d-4574-9296-0be6ebd70316
Bethany Bond,12,1,2005-12-14,et.risus.quisque@hotmail.net,282289164,KCAYFQ268,2021-07-26,WDW27BNE7FJ,1,8c48bf46-3a8a-4c1d-893d-60335a27169f
Kessie Oneil,27,1,2006-07-22,et@icloud.ca,534073176,OMVGQD531,2024-12-19,SBA17FDM3PG,1,a62ba5eb-db63-4cfe-aed3-2d4f5387244b
Hope Sanders,34,1,1993-04-24,felis.ullamcorper@yahoo.org,961362917,OJXVBX632,2020-09-29,ZPS35RWS2AR,1,4ce50cc2-7d7b-44bf-a015-377bf4a77b75
Yardley Middleton,33,0,1995-10-25,urna.nec@hotmail.edu,633611833,CGROKB086,2021-08-29,OMY54HUF9LC,1,9783ea5e-915d-473d-a514-0c80a9ada98e
Nigel Lott,45,1,1975-09-17,consequat@hotmail.net,178685216,BFYOXL668,2021-10-28,QIR65RBW2HG,1,91825720-2449-411e-acb1-9f8bf3024c8a
Steven Whitney,20,1,1980-04-18,sollicitudin.commodo@yahoo.org,414213187,WFNLSM147,2020-09-21,GDK29HLI5TT,1,75509fa3-f5ea-4ff3-834e-2e5dcdae2d5b
Sacha Pitts,16,0,1992-04-08,nunc.lectus@outlook.couk,786170850,HONETQ862,2022-10-25,CHU67GSO0WU,1,160aa4ce-ca82-4005-a9ff-ad9a85aaeb24
Magee Jordan,31,1,2009-05-09,laoreet.lectus@protonmail.edu,754714858,AXZOWK576,2021-06-20,PEC21RMU5NQ,1,91cfff22-671e-4d3e-8a4d-c249f79e6ea9
Cassidy Weiss,20,1,1989-05-24,aenean@hotmail.net,374954852,ISKGLS983,2023-04-08,CBN56VHL4IC,1,c52c8712-8f88-4472-922a-1b1a95e95ed5
Madonna Snyder,14,0,1987-05-27,urna@hotmail.org,534034703,RNJRWV614,2022-05-27,XUT20KJX3HZ,1,058adcf0-e58e-4eac-89ec-8be32c01ee89
Barclay Rowland,24,1,1974-06-08,tortor@google.ca,276197567,VABDYJ135,2020-03-30,KGG33FOL3LX,1,fa4d6a9a-018a-431c-b8e5-3b45e63a48ba
Sonia Mcmahon,14,1,1997-06-06,lorem.auctor.quis@hotmail.org,621174576,UIKTVA122,2024-10-28,TVH26VQH5PI,1,efcad244-9753-4746-a384-2a115415800e
Cole Montgomery,37,1,2009-05-18,non.vestibulum.nec@aol.edu,507180683,NQYTJI425,2020-06-29,VNZ53LEA4CO,1,f9189271-8623-4288-af6f-f6561055ecc5
Wade Robbins,50,0,1974-07-10,sit@outlook.net,866047034,QUUHER512,2021-12-23,XEM86TEQ9IM,1,5eb8f0b0-6c86-489b-918e-e41402fb8abd
Hadassah Vega,21,0,2006-03-07,pede@hotmail.org,943078448,IMZYQF758,2021-05-29,MSY21RUK0BE,1,23c1cdce-914e-4137-a34b-8f4c5f46ba73
Martina Ashley,48,0,1995-02-26,ipsum@aol.couk,364861354,XYLYTE768,2025-09-11,RXO32FMB4QL,1,136a4074-a395-43fa-811d-6a5d0950bf74
Sade Calhoun,48,1,2001-04-09,mauris.vestibulum@protonmail.ca,811493189,XFTWFH423,2020-10-25,OWA95UDD9KK,1,4f3d3228-0434-4b97-953d-ef4ae03329d6
David Perry,20,0,1984-07-30,integer.tincidunt@hotmail.edu,562562431,SODJER836,2025-05-24,SQQ78EYP2LH,1,11f8f003-ce78-46fd-ae01-728d80fdd66d
Ishmael Jarvis,11,1,1993-11-11,adipiscing.lobortis.risus@google.org,77061888,EHHRGC377,2024-07-21,NEU74XDJ9FV,1,77ffd763-4107-4281-a21d-9c00fb92750d
Moana Woods,34,0,1998-08-05,purus@google.couk,354453478,DVIHEN485,2020-07-04,GTU16MPY8PU,1,81497669-d7a8-4374-98ce-b6c0a9669384
Solomon Shaw,37,0,1978-11-21,neque.et@icloud.org,925562636,UBCTEC687,2020-12-03,TNO60DRG6XV,1,01b1cf19-b4bb-42a6-9f68-1a0f34d0f29b
Martina Craft,28,1,2002-04-27,pellentesque.massa@icloud.edu,442425877,RTOKMR838,2023-10-13,VQH15VFM8CP,1,6efc14e7-cca0-44f3-99fd-ec1946f8170b
Dieter Fields,38,1,1975-11-21,non@aol.ca,426131757,VMQGDS822,2021-05-29,REX00EPQ9PC,1,20d07309-fb1e-4a3b-8f3e-660e66be3274
Gretchen Bennett,31,0,2002-03-08,ut.ipsum.ac@outlook.edu,894871860,GTQSWF771,2021-01-13,QSO25JNB3XU,1,5a29a9ea-c748-438b-8389-de3ef0af3bfc
Yuri Hebert,45,0,1992-05-24,id.ante@icloud.com,885746388,HBYQCZ664,2025-07-19,SPR94BJB9XI,1,0db44eba-e199-421e-9991-3fc6509ce6e8
Juliet Hester,47,0,1990-09-19,purus.duis@aol.edu,417664434,UORQTG201,2020-03-28,LVR15HEK6AX,1,c5147872-3d58-4e01-a54b-de5dc102de91
Jason Wyatt,36,0,1984-07-08,enim.consequat@yahoo.org,368173242,ZTKYOP337,2020-12-27,ZTB64FCH5IA,1,3eb04a61-643c-4bf6-92bd-b9696e31ab1d
Brynne Davidson,46,0,1991-12-23,ac.orci.ut@yahoo.couk,459287791,OOJBUR362,2024-03-04,IOF37FMM5FD,1,dcbd0290-a752-4897-976f-4d7da630024b
Xyla Fleming,40,0,1972-07-28,sed.auctor@protonmail.net,245656839,NDNMTR769,2024-05-01,NHZ59CDM1XM,1,0d7c4576-b04d-476a-a872-1162084549fd
Brittany Boyd,11,1,1995-11-24,phasellus@hotmail.ca,868275782,GDDJFZ620,2020-05-27,DBV33DNS5CD,1,18c079fe-73de-4fed-b934-db58153e0a64
Brady Irwin,31,0,1983-10-20,aliquam.auctor.velit@icloud.ca,58739896,DDAYWK682,2023-01-27,CPI42OGE5FY,1,c2f5e780-9738-444f-8146-29114900c333
Kareem Aguilar,24,1,2006-05-20,vestibulum.accumsan@google.ca,253181874,JYQALI676,2024-12-28,MVV53SNQ1KZ,1,51a02e9c-5f91-43b4-b04f-e3d81bce1041
Allistair Chapman,31,1,1974-09-29,sem@aol.org,518709865,ELBSNI631,2025-08-18,QME57OCG6AG,1,fe0fbba7-dcdd-4ceb-83c6-d74a7aa5de56
Lawrence Fernandez,24,1,1974-07-16,sem.magna.nec@protonmail.com,264669645,WWYPNH048,2020-08-25,SYT78JRZ2XX,1,eae64e2a-6a43-4078-9343-ba4b86880260
Cathleen Park,32,1,2005-10-13,rutrum@google.com,186315684,BLKOBC584,2024-08-02,AWC59PGB4YY,1,b6fbcc89-9da9-4273-8441-3446d986fd20
Wesley Walls,15,0,1970-08-04,adipiscing.elit@aol.edu,203979543,XRBQPQ833,2024-04-17,USA33JJY4WH,1,10c3369b-f532-4d97-a6bc-626d87b35870
Xandra Schroeder,29,1,2006-04-23,egestas.hendrerit@google.com,557038315,TLENLQ616,2019-12-19,RIZ13SFF8XL,1,af156327-4793-426e-8dd2-dd955898708b
Rinah Atkinson,24,1,1995-03-14,vulputate.risus.a@yahoo.edu,506523591,JOVUJD530,2023-05-09,NNC52UGO7VG,1,84153837-a89f-41d7-bdb0-af6f20e1134b
Violet Bartlett,29,1,1986-03-13,congue@google.ca,219574821,FUIGEG163,2024-03-26,GMD70WKB7YL,1,07ad3e3d-f111-4d16-a22e-7c8ded010507
Benjamin Britt,38,0,1979-09-12,fusce.aliquet@outlook.com,237697626,SBTXSJ922,2021-02-13,CBW64CYU2HT,1,6e41cb39-3741-4d94-9fa6-50bbc60444eb
Carly Solomon,30,0,2008-03-05,augue.ac@protonmail.com,403343736,QAVKOY960,2025-04-30,EDT15NWF3MJ,1,4ae9b17a-0f4f-4852-a97a-2ea789a17854
Ezra Bauer,34,1,2005-08-07,magna.nec.quam@aol.com,711457963,NTSUBE155,2020-07-03,VDR36DDK8NE,1,b815d82b-d1e4-42ce-9d32-c66dd21dc894
Yoshio Vang,22,1,1975-12-13,consequat.auctor@aol.ca,742577347,ASTDDE363,2020-04-13,ANP47QIM6TN,1,52b2bc19-8f01-42f2-b106-ce6d9c3a1466
Mira Morin,11,1,1975-05-26,enim.nec@hotmail.edu,395851742,NNJXJX422,2021-05-14,XYJ62NUB4EO,1,804d575b-13d1-4eb0-af9f-ad4068443e1c
Rana Ford,27,0,2009-03-09,et.tristique@hotmail.ca,784647486,EWVSSV519,2025-03-03,PKU91YOY3QD,1,24f17521-9abf-44cc-82e9-913f1ac5b1e2
Octavia Rios,23,1,1988-09-24,lectus.rutrum.urna@protonmail.com,669619898,OLLGBF396,2024-08-14,ZUN87ZZG8FD,1,977bc86a-b8b9-4c04-813f-7d9b649d3da2
Solomon Cotton,38,0,1980-12-07,mauris.blandit@hotmail.edu,721627755,KCONSK346,2020-01-21,PON75THB6TP,1,222a31ca-29d1-40f3-9139-909799cff31b
Gemma Mcfarland,26,1,2010-10-25,curabitur.massa@outlook.ca,973581572,MSFXWM727,2021-08-20,RUX27FDF7ES,1,981f5220-eb2c-422a-ac95-b7aa1e766c86
Garrett Adams,44,0,2008-03-03,orci.luctus@outlook.edu,185353268,HGGKPT957,2022-11-06,QMB54OSA6KY,1,c86ae858-23eb-445d-9677-1fbc503c5b49
Simone Lopez,11,1,1977-11-26,sem.nulla.interdum@google.couk,716863878,BVBLQA636,2025-01-17,XOR38RIL1HV,1,e9b4d150-017c-40a8-9287-cf85a36a3ade
Christopher Mann,22,1,1996-04-18,arcu@icloud.ca,337318453,WAKZAM700,2022-12-07,PFE05IUX6AP,1,febf70c4-5af6-4ad7-bc1a-0870a350d5ff
Chaim Stafford,39,0,1978-04-04,at.arcu@aol.edu,832242491,KGBNHF047,2021-04-26,JVY64TIX4IG,1,dce130ac-af51-4390-bba3-b352a56fdeee
Phillip Goodman,48,0,2002-09-07,ornare.tortor@hotmail.org,163180636,FIVTBJ382,2023-02-19,RKP16DCL3XE,1,48a8bf7b-acef-47de-a205-0b4b241a0516
Jeremy Cervantes,48,0,2011-07-24,nibh@aol.net,887727316,PJBVTI052,2024-04-02,UWH48LCN1TF,1,99ae865b-5e68-47fb-8983-8c1d602d0aea
Mona Meyer,30,0,2007-09-26,proin.sed.turpis@icloud.net,868315460,CDJCBY334,2021-01-24,FYV06VOP3QX,1,cdd1ed2c-dd77-497a-baaf-e5607462b168
Murphy Oneal,14,1,1988-11-17,laoreet.libero.et@hotmail.edu,427847795,BUNYSU723,2025-01-12,EKB86OZA8RE,1,3346793a-fec4-4c09-be35-40fde00623c6
Rajah Mccarthy,10,1,1988-04-07,ut@protonmail.ca,516112884,LOBXIN284,2020-04-16,KET26MWU4EE,1,cb057e16-1be8-43c7-8852-100da3220355
Kaseem Kirk,48,0,1993-04-24,arcu@hotmail.org,756695488,LFOCHK142,2019-12-17,NRS54MMV7GT,1,97b0a84c-ff5a-478f-bf77-987c9aabd7a6
Dane Bright,24,1,1970-06-11,mauris.ut@yahoo.org,153623393,PNXHEB254,2019-12-26,LQD76MZQ5VK,1,636c79d8-be2b-42ac-b604-95e734bef752
Eaton Fischer,36,1,1984-09-11,massa.lobortis.ultrices@aol.net,252725623,BEDNCF403,2024-10-30,TAL58YCV9IW,1,439ddb43-7871-4972-8535-6b79255d5a2d
Erich Gates,29,0,1972-06-24,ut.erat.sed@aol.edu,557631774,MKFXZP252,2025-04-23,WKN02LHY3BT,1,ff9dae82-8267-4a75-871a-2a8ad9825f0e
Yolanda Lang,27,0,1998-05-10,velit.eu@outlook.couk,111526118,YYYOLC338,2023-04-13,JFO24NZY7EG,1,8593e567-6fab-4263-9cc7-dd6c358dc19e
Callum Puckett,30,0,1986-07-13,ac.mattis@icloud.ca,466687631,VHIXRG881,2020-06-28,MPW90AUH4FS,1,57b24998-5601-421d-aa3c-1c703fd39123
Maisie Olson,44,0,2011-10-06,imperdiet.nec@aol.ca,141660644,MHYLWN095,2023-02-15,LIW27FVL6XY,1,88b678d9-d6b4-4b14-84bd-58710445bdc1
Xanthus Cunningham,13,1,2006-09-15,ac@hotmail.edu,328648542,ZBVPIV546,2023-04-10,LFZ19YSX3XT,1,6231c593-9ac0-4a86-96c8-335e98d93a20
Camilla Stark,48,1,1973-05-15,bibendum@aol.com,524418538,UFPWGZ051,2023-11-26,NCN36LWW4YJ,1,e9479109-4c04-4279-9faf-24a9670a17b9
Colleen Holloway,40,0,1977-12-28,phasellus.ornare@protonmail.net,75550977,DQPBAT158,2022-06-18,SEX86GKT8YH,1,0f69ebe7-0bd8-4433-a55f-e92e184ec9a3
Hector Underwood,43,1,2011-03-21,curabitur.ut@icloud.com,287156854,SEQSGW464,2022-03-26,QIC57LKI4XW,1,b59cf22b-4eb4-4df2-b12a-d42004e45833
Clinton Mckay,25,1,2002-10-23,phasellus@aol.couk,234183134,DTQEEH311,2019-11-20,EDB14KYL1OQ,1,4c80c4c5-25b7-4d9c-b47f-f1f4237d1803
Victoria Berry,25,0,2004-07-26,libero.integer@google.couk,426473179,GHEJBF245,2022-07-29,QBL35EKR4YU,1,e958d136-fb5b-404f-b13b-d0035b65e062
Travis Bass,19,0,1991-09-07,sem.ut@google.ca,423163442,SNMBOJ516,2025-07-29,LNR74WRX0WB,1,bf77f16e-0912-45a6-9f50-d4a39eaf4a0e
Giselle Guzman,47,0,2003-03-04,aliquam.erat@hotmail.couk,274134065,RXGSNW073,2025-05-13,POS25IDC2WR,1,a78f5f80-fcb0-4b68-8241-a54653d928ab
Lucius Bolton,39,0,1992-01-19,quam.elementum@google.org,583478747,NPRSJM982,2024-06-27,GYJ73JDK8BS,1,fef88baa-10f0-4e01-ab78-78e36674a9d7
Salvador Moss,12,1,1976-03-21,rutrum.eu@yahoo.couk,284611349,ZJWQJP219,2025-01-25,SIT37PEV4SR,1,7c688077-417e-467f-9586-e7d59a8f14b7
Brenda Barry,27,0,1984-02-03,tellus.nunc@google.com,983222506,XQKFGV369,2022-04-28,YNK97LIQ3WN,1,7e2ad987-d87e-4fdf-878a-3236461f3b4e
Lareina Head,47,0,1977-06-10,egestas.rhoncus.proin@aol.com,203673926,ODWBKQ242,2022-04-19,DDZ32EEL0ZP,1,19588276-c2e0-4981-8b99-43528b0fe90c
Patience Haley,15,1,2003-08-30,sed.tortor@protonmail.com,348987768,FRNIRN148,2020-02-12,NLQ89TDM0PU,1,a04146f4-9220-479f-975b-1c6c2d454486
Otto Beach,21,1,1988-06-01,at.nisi.cum@aol.net,273338192,YSMPHL598,2021-10-29,BVW77JHB1XF,1,ac9db6b0-9bd0-4eae-b270-d59c1dddc71d
Rowan Yang,14,1,2011-06-30,euismod.urna.nullam@icloud.edu,163972967,NJLHXM897,2020-10-05,LMO66UMW5HI,1,b6450953-3ab8-4392-8071-3834780a5231
Demetria Finch,22,0,1973-05-10,dictum@aol.edu,641452976,TISNYS351,2023-09-26,ZOW74ZZO5HH,1,d1df7a0c-8332-4a1a-ba21-6bc8b4ccccb0
Lesley Wilder,15,1,1984-08-24,vel.lectus.cum@google.net,712775285,XTFJCW108,2024-08-31,RYM32SFJ9YU,1,c6b43b0f-dbbb-4cd1-88fd-3e3cc849b920
Odette Suarez,48,0,1999-07-25,nulla.integer.urna@yahoo.edu,145493035,MBNUIN778,2025-03-01,CBP77UPV7JF,1,e0995a59-a9a2-4c41-b5a6-b273f428717e
Beverly Stark,13,1,1994-12-08,ornare.sagittis@hotmail.com,864974669,DJPRVV729,2023-11-09,IOM78TAF8TO,1,72f822fa-528b-4ad9-8a54-73f394793b31
Alfonso Freeman,30,1,1971-05-21,erat.vel@outlook.edu,882882853,YDKCJX213,2023-04-20,RRE25SBC6UH,1,5cbac4f5-0b2b-430e-b6df-4315fed6a2fa
Olga Livingston,29,1,1976-07-18,arcu.vestibulum@outlook.couk,877242997,OMBZNS548,2023-08-07,TGJ63JNF2KW,1,fa0bf34a-88bd-413d-9864-9e4fec222b92
Ursula David,18,1,1986-12-20,euismod.est.arcu@hotmail.net,961988533,SGUCHV244,2024-01-15,QMU64GVS0IB,1,24673a67-083f-44c6-ae7b-eae31e5944d1
Virginia Soto,34,0,2002-03-12,amet.ante@google.edu,874802266,QMWVYS224,2025-02-17,VJQ55IUO8OS,1,f774996f-4fab-48d8-b513-392f97ac659c
Beatrice Kramer,17,1,2006-09-18,arcu.sed.eu@protonmail.com,312407247,JWQMVW511,2025-08-22,ACV45EGP2ZQ,1,843b1e6b-824f-48f2-9fb1-66f2d14b5d75
Lucian Marquez,12,0,1997-11-06,non.ante.bibendum@hotmail.ca,177562132,TOMEDS273,2020-01-23,URI83XYQ9NS,1,aa2a5771-e6ff-40b7-a711-218d57c48227
Cally Oliver,10,0,1979-12-14,in.at@hotmail.couk,357664778,THIBBE211,2019-11-16,PEJ43MBJ9NJ,1,f7730613-b1b7-4bda-ad76-69b50ab27790
Karyn Barnes,11,0,2009-01-09,leo.cras@hotmail.edu,327540870,MTPYFC638,2025-09-18,NKJ84PFT3VH,1,83b82400-90c0-48d6-b6ab-076fdd669d92
Amena Gallagher,33,0,2012-08-16,dictum.proin@google.com,352368485,GCISMH223,2022-05-08,DQF87EPS7DE,1,adc1c4e7-534c-4613-a711-d0d644210455
Giselle Stone,18,1,1975-02-02,sed@yahoo.couk,273813721,KXPEKG325,2022-05-22,VAZ96KSF1YD,1,cc421ffe-a9c0-41aa-a8ff-32375e3ae3f7
Sierra Black,33,1,1997-05-18,sit.amet.massa@protonmail.edu,647775867,ADMZOS302,2022-11-25,HFC18RIV4XV,1,7a96f5ec-a2ea-44b9-b11f-b691b8231214
Meghan Bolton,39,0,2005-06-09,sollicitudin@yahoo.couk,772355764,TDFDTN169,2023-04-12,WRY32AME1OD,1,44308e1c-e1e0-425e-8cd3-09119588b09f
Barclay Santiago,36,0,1982-01-11,faucibus.ut@hotmail.org,862459012,VKOMII488,2024-03-08,VDQ66THK3OZ,1,5b1ce905-5232-4f57-b713-efbb552744a0
Bruno Whitehead,45,1,1995-03-18,ad@outlook.edu,493567470,WUAGFT618,2024-03-24,YST24LVX7GF,1,0253c39f-74ff-437a-949e-dcf8c96805bc
Nichole Adkins,20,0,1984-03-16,nulla.semper@hotmail.ca,842236672,VPLSJI606,2023-02-02,RGX80MGR6RL,1,a4e16813-5915-4216-90a8-1636c2a4cc77
Owen Rowe,25,1,1970-04-19,eros.nec@hotmail.couk,28245405,NVPTDC297,2024-10-22,VHP37JNX6GR,1,45ebc072-3353-4e58-be38-ad251816a22a
Brendan Skinner,19,1,1995-03-15,semper.cursus@aol.net,400566325,RIKFNJ758,2019-12-06,FAJ40JDU9EJ,1,c1f2cb12-7936-48c7-b9dd-0fca1cdb43b5
Mikayla Mullen,11,1,2003-03-24,eu.neque@protonmail.ca,270909427,CJHWBM426,2020-07-03,IVT01VSP1BV,1,f717c5b5-2c32-4acf-85ea-fafd51c0262f
Connor Zimmerman,30,1,1982-07-06,quam.quis@aol.ca,185141176,BPXQRY160,2025-08-01,JEB34VJG2XX,1,e48c9d42-9a97-4fce-8d08-4b7f1281f9bf
Oren Conner,38,1,1971-07-18,amet@hotmail.org,664952785,FTKNVT803,2024-10-05,VWI77JFL5YX,1,7f0397d4-4a2e-4318-a175-95939e45f499
Ryan Randolph,47,1,2011-02-16,donec.consectetuer@icloud.org,342232387,NUNGYY616,2025-01-09,XNJ35VYD2CS,1,83b37ac3-f906-40d0-8a18-9902dfd8b7fe
Geraldine Mcmillan,41,1,1999-02-07,habitant.morbi@outlook.org,715036303,DFFWDG430,2025-02-03,DJU07TOL7KM,1,9466fe3e-2cb5-42c5-a72c-637165d32d0d
Tarik Farmer,11,1,1982-08-19,luctus@aol.ca,358788587,BCCSXM468,2024-05-22,NZU33IYU2CT,1,79d8dc55-2fe9-45c9-af78-ce5ff43650ec
TaShya Franklin,37,1,2000-02-22,maecenas@google.net,738315536,QMRSWM433,2021-11-27,NVI39DAT3KP,1,de65fecd-daea-4d01-ba99-04797fc69ec2
Maryam Ferrell,48,0,2009-05-21,nec.urna@protonmail.ca,723264478,EFRVRC580,2020-06-18,PQN64DFB7VX,1,2e4c153c-c0bf-440a-8562-3eba38534267
Gareth Nixon,27,0,1997-02-25,venenatis@yahoo.couk,728234808,JRSENC243,2022-03-07,XVY83LYC8JG,1,a2060463-8380-45a4-97d5-13d64da6096a
Nicholas Beasley,37,0,2011-10-04,in.felis@icloud.net,195876659,KBAJWV282,2021-01-17,NHP29WIT8KK,1,26dd1da7-3e21-407f-859f-bb088b1354b9
Marny Woods,29,0,2003-04-03,tempus.mauris@outlook.couk,225287377,UQGXTW557,2020-10-11,JMW51MLL1OO,1,2d51d289-1ce2-440e-902c-80ba030de6be
Neil Mooney,19,0,2009-05-10,duis@protonmail.org,112527955,DEBAEZ695,2025-01-31,BXC15ZLQ0TE,1,73143559-6bc2-4280-92f9-0dd2c3da12a7
David Kelly,18,1,1982-08-09,egestas.ligula@google.ca,123681367,MWYLCN627,2022-09-23,IVF49TPT8ND,1,9f1fc9b6-6850-42f4-92f0-9d327b9bd2e4
Jessica Webb,10,1,2009-02-10,integer.tincidunt.aliquam@yahoo.ca,104441187,DMAUEP511,2025-10-21,VKE64ROF2MP,1,c6f585a5-aba8-412c-9eff-f036fc38917e
Jenette Gibbs,33,0,2005-04-02,id.blandit.at@google.com,598423520,LVFVGY224,2020-12-30,RJD78OJU7HR,1,71fa786a-bc7a-47fa-99ab-87bb47948351
Christopher Mullen,13,0,1985-01-04,morbi.metus@yahoo.ca,175344285,GZDNHS329,2022-03-23,XVV61VMT7BW,1,73f54d75-a8e7-4e7b-afd0-34a33595aeae
Sigourney Hahn,22,1,1971-02-09,sed.hendrerit@google.com,587473725,YVOFPE560,2024-08-04,MKL16MRF8CH,1,cbaafe22-6d1d-420a-a0c4-5359e093e08e
Perry Mendoza,44,1,2009-05-15,felis@hotmail.couk,664387329,HBVGUQ115,2020-07-17,DXL50TCO6KT,1,355d41e0-ba7a-4014-ac69-c9dd3ff16a11
Tate Shannon,19,0,1987-05-14,neque.venenatis@outlook.edu,776567859,TFUJDY957,2021-07-09,WCP84JUU1DB,1,6082fbc2-2feb-4877-b3af-e8aaa9bf8fb5
Hilda Buchanan,32,0,1980-07-16,malesuada@icloud.ca,289737286,NSYUSI624,2021-03-23,WSG63TYU5KE,1,5058be48-78b8-4fee-abf0-bc3cca8d0306
Elijah Vaughn,12,0,1994-05-14,vitae.orci.phasellus@protonmail.ca,102426478,IWDCZQ286,2022-02-07,DDY70KJB0KI,1,b9a49503-0826-4821-a068-92871d05fa04
Cathleen Medina,43,0,2008-01-30,sed.leo@icloud.net,618120692,BMYJBE184,2021-11-26,BGH78VQY7VI,1,d82bc36d-17f6-4fd2-850c-1709df27ba87
Salvador Mckay,20,1,1970-08-02,ipsum.porta@yahoo.couk,503666528,BOOITU240,2024-01-23,HON59ZFN4NN,1,89f1c54c-0b56-457b-9734-8d97259a9e3a
Kylynn Jordan,43,1,1985-06-09,enim@aol.org,839821483,KLSMAJ257,2021-07-20,OFP45KPK4KM,1,18352646-2f95-40e3-8f56-d816f1645c3c
Wylie Ayala,44,0,1981-09-18,fusce.diam@aol.org,932013789,NJZVOI253,2022-10-29,LPU32VEL3RH,1,afb3d6bd-8105-4a6c-bf36-fc1473fc595b
Marvin Roy,13,0,1983-11-12,posuere.at@protonmail.edu,574753249,FSOEVO671,2021-05-05,UQJ64WHA6CN,1,b0c07638-673c-42fa-ad78-80493171bc46
Justin Hayden,33,0,1998-03-17,odio.vel@google.com,743385734,FNGEBA284,2020-03-21,HHW44XHI7DM,1,b5d13a89-41c7-4804-8ffa-6fb1e1c848a1
Graham Bradley,48,1,2010-01-18,magna.sed@outlook.edu,702977419,BDLSCB825,2025-07-11,IPL71WMF6NF,1,85a6fa66-49ce-4e87-a8e0-aa8478db5dee
Lee Shepherd,10,1,2003-03-22,eros.nec@google.com,397460323,CWDDZL570,2025-03-03,FOA64OYB1DE,1,3c826ecf-5f54-40cd-9bc2-c13d0cc2b261
Kasimir Moss,46,1,2008-09-14,in@icloud.net,304954142,FJUXET482,2020-01-07,WJC29BQS1KL,1,c6ed8614-23ef-4d11-8d18-2251890de362
Len Adams,30,1,1999-06-21,aliquet.proin.velit@google.edu,508218458,EENHTB125,2022-11-10,SOT43DRP5CQ,1,dc6f04e3-832c-4f41-b3bb-23bbae3ceeef
Rinah William,19,0,1997-05-11,sed.eget.lacus@aol.org,712361115,SFSDFU734,2021-06-13,RHZ48TBO1IQ,1,1ab7270c-9ce0-4d79-996e-e0cb4969155c
Chaim Larson,37,1,1980-04-11,eleifend.nec@yahoo.net,734221764,YKPBGP706,2022-12-23,GLI28SKE5FB,1,345ae49a-79ba-427d-80fe-8117eb2d5817
Byron Kinney,30,0,1974-03-11,ultricies@outlook.edu,562944033,SFDAME601,2022-04-15,UJQ21BFX7OD,1,90b99e3f-b1e1-423b-b5ee-a5d8736d40d3
Yoko Madden,24,0,1974-02-20,fringilla.mi.lacinia@yahoo.ca,668415647,THUJPU279,2022-03-25,AEJ26NOZ6SG,1,1d26a1ef-281b-40cf-b2da-a6b0da0bd711
Quamar Fischer,12,1,2010-05-04,risus.duis@google.edu,443864796,PETFGV726,2020-09-12,XIC25PQO1MV,1,a6206793-de7f-41b2-bd8d-27ecf09e9d10
Rosalyn Clarke,21,1,2011-07-27,nam@hotmail.com,458987685,TYONVN087,2019-11-13,NZQ01GLU2KL,1,987ed88d-8161-42f4-ba4e-5c0a7052b8ed
Jennifer Velez,22,1,2005-07-23,scelerisque@google.com,897387118,WGNYPG470,2023-03-01,XBX21YSY8LG,1,31498bdd-a669-4605-a82c-8bd4e3cbbc07
Chiquita King,34,1,1987-02-25,nunc@protonmail.ca,638832429,MSBMDS383,2025-06-02,JHP70NEJ0YX,1,525e3cfb-e4c7-4235-9118-e27bcf65c09e
Germaine Bishop,25,1,1985-08-06,vehicula.risus.nulla@icloud.com,476625624,PBKSQV353,2025-04-15,UAW16KWY9RL,1,3dea0861-bc4b-4796-8208-fa4a974db719
Flavia Hill,45,1,2001-02-07,ipsum.dolor@aol.edu,157892392,OLORTY417,2023-04-29,NYQ94YRP3SH,1,8d854ff8-f8c4-4236-8ebe-d28546a8ed29
Edward Ellison,30,0,1984-09-01,lorem@aol.com,253887122,AEKHOB187,2020-02-18,KFG09QWX1YA,1,f488c3de-76a4-4c23-b2a8-c6822515873f
Ora Cooper,36,1,1989-03-12,feugiat.lorem@google.edu,81438467,GLETKA874,2020-06-23,DXH48GWI5GX,1,b70f80a7-039b-4fe4-b16e-50721ec04a18
Lisandra Hardy,47,0,1993-05-24,dui.suspendisse.ac@yahoo.com,648351471,VARVTJ332,2021-06-11,CBX43RZN4WJ,1,12f1e4d9-6d5d-4c69-b5a1-c7f298160017
Lance Navarro,38,0,2011-08-29,nullam.feugiat.placerat@icloud.com,617147812,UGBMDS532,2024-10-10,XBL47SQV2MS,1,55f6d6fe-ebea-4735-84a9-716f58664229
Richard Barr,18,0,2004-02-28,magna.sed@aol.ca,688587936,MTVSKP690,2021-10-04,UXO50SGI4CB,1,0e2ab317-62b0-4d21-9ab6-7c8ad2291bb8
Alyssa Horne,41,0,1995-10-23,fames@icloud.net,416773104,DZNXQT361,2020-04-17,QJH21JDG6CP,1,d45725c0-fab8-45ae-b8d4-50259068f121
Glenna Carr,18,1,2007-10-02,hymenaeos.mauris@icloud.net,258636806,TDBCVD178,2022-12-20,BGT55DDI5VA,1,8b8f03da-d2c8-4c7e-9b02-d1974c60937a
Dana Hester,32,0,1978-10-05,arcu.vel@google.org,707771637,IXVBQB717,2020-02-28,MJE21IHS2MN,1,1a35ac7a-fd44-42a8-aa14-8ddfa3f15ea8
Abra Macdonald,16,1,1993-05-23,integer.urna@yahoo.ca,920816335,KPUPBE431,2020-09-19,XWH59JEO1OL,1,c4c8a4d2-3172-4b51-a986-18f897530202
Holmes Chapman,48,0,1972-06-06,sodales.elit@outlook.net,952149311,GBYJMX939,2021-08-29,BOW46POL0OF,1,97883c03-81fe-4540-aa3b-c4c67c5f122b
Lucius Shaw,38,1,1990-05-10,enim@aol.ca,808476262,UUISAI403,2025-03-21,CZN67JGU6VT,1,00bec372-c312-4b87-b29d-54d8fc75f539
Nola Craig,48,1,1984-01-11,risus.duis.a@aol.edu,787630851,LMJVVI655,2023-03-18,VQW06FXY1VH,1,e1dd25d2-9ebb-4f08-896d-c021eaec72ac
Lareina Mathis,20,0,1970-03-09,nam.porttitor@outlook.net,445672681,EQKQXL275,2025-05-16,HBP45QDW3BH,1,75f498bc-1952-4173-9548-a697047f50b1
Xyla Singleton,47,0,2000-07-29,montes.nascetur@aol.org,589803888,YGBQCS711,2020-04-11,DRM97ABM0CB,1,cf262c1a-be0c-4cc5-b119-80a404541079
Mark Morales,12,0,1983-11-16,donec.sollicitudin.adipiscing@icloud.couk,348083667,BFLYRJ363,2025-05-07,ILX88YTM2KV,1,13eaba61-4b2c-481c-bde8-b5cbe8bb84e7
Kylie Levy,20,0,1970-01-23,est.congue@google.couk,836395321,OUUWVX521,2023-05-27,MXZ55SNP5JL,1,d7fcdf76-252f-4894-ba8d-af4bea80c6a8
Raphael Walter,42,0,2008-07-17,vitae@aol.org,612374027,OGHHAS255,2019-12-27,VAP57YUV8XU,1,2ed717fa-e518-4850-b87c-ba2843dba8e7
Orlando Wilkerson,33,1,2009-04-12,blandit.enim@yahoo.ca,687304266,WQUXMW467,2024-04-14,PNL56AOO7ET,1,5485ff34-571f-4dad-a578-52956c497400
Minerva Frederick,32,0,1985-06-30,sit.amet@outlook.ca,684469058,HDSLSU872,2021-12-06,SHJ96BRC0QU,1,f8ed025a-07f9-4998-bc8d-d7777a37d5ba
Geoffrey Burks,40,1,2004-05-07,sapien.nunc.pulvinar@protonmail.ca,356660812,ASPMTH448,2021-11-21,VDL54XXE1XX,1,7bb0b090-1d3d-4f05-b125-85996249c9de
Colt Harmon,37,1,1972-08-18,donec.elementum@icloud.edu,217412877,VDELQJ923,2023-08-31,ECX19HEV4QS,1,f7bdebdc-b574-4aa3-9b02-dcd6c7eed87c
Aaron Richardson,18,1,2010-04-08,nec.tempus@hotmail.edu,155284445,DNDSQJ245,2023-02-16,AQB57FPR4LF,1,fd73d7f2-b71e-48cb-af6e-abd72deec1b1
Cassady Lindsay,48,0,2003-01-29,magnis.dis@aol.com,821869270,AATLGB229,2022-12-17,GID65CIC6XN,1,a9398d4b-ee92-4c71-8058-ff28e2425535
Velma Morrow,43,0,1995-06-18,id.blandit@protonmail.net,152525363,MRQMFP243,2025-07-07,KFH16RGQ7XM,1,80502468-5d9e-4059-8151-3a437ccd4440
Jana Black,25,0,1983-10-27,enim.sed@outlook.net,801256534,TGIUIS208,2023-04-14,EOU85NNI5QH,1,58424f06-9ae9-49a7-94e9-65698e7af619
Jasmine Barber,47,1,2002-07-14,ornare.sagittis@outlook.org,143923611,KSERYL885,2024-10-30,IKJ75KIM2IU,1,712718fc-46de-423e-8354-53c7355c9af6
Teagan Melendez,26,0,1992-03-20,consectetuer.euismod@outlook.edu,667401083,SUQPCT273,2020-01-09,EUA25GPP8LP,1,b6ab0903-a08c-4009-814f-dd07bbc442a7
Marcia Hudson,43,0,1978-07-07,egestas.hendrerit.neque@aol.net,736716227,XSCECA482,2023-09-24,QTH81TJN8HX,1,c9a1f4c7-144b-45b8-9269-bf32963d4c7a
Philip Howe,11,0,1983-09-13,nec.tellus@protonmail.edu,873146687,SBNEOT725,2024-07-28,TIH55SFO4AF,1,0544ca32-d41e-408a-b96f-7320bac93d2a
Thor Blanchard,23,1,2000-08-02,est.nunc@google.net,712478443,FTGGLN405,2022-07-14,VON34CSS5YI,1,12d36694-e8ab-4b7e-a9ae-06ad2859ae80
Harrison Harvey,36,1,1981-09-02,lectus.pede.ultrices@aol.org,834059743,ZQCIYY382,2024-06-02,WYH16KEW6DX,1,e1e0783f-15cf-47c7-8e11-650dc8cc1b84
Dean Burke,39,1,1981-08-03,scelerisque.scelerisque@yahoo.couk,537927533,HDLBPB658,2020-07-26,VGD50NHD8BC,1,cfb4b151-ebbf-4cc3-9de7-a474c3ce551b
Calista Meyer,17,0,2006-01-08,purus.sapien.gravida@hotmail.net,183082442,DVXHBW268,2021-06-24,LXI87UXL5HW,1,10526c7f-4344-4aaf-95e9-609f160d8e49
Ignacia Franco,20,1,1973-06-29,ante.dictum.mi@hotmail.edu,942353482,RXRGZT825,2023-01-20,ZSY26WNX4VF,1,a46912f0-0fbc-485d-9ab7-47e48f754aee
Brenna Griffith,19,1,1992-03-13,tempor.diam@protonmail.couk,839802345,KRENJN870,2023-08-01,IJW32PTO4DQ,1,f963d7ac-266c-4d77-8e5f-1317a855cca6
Tana Hebert,19,1,1970-03-01,sollicitudin@icloud.net,431574273,QAGYNI069,2023-04-12,BYP83WYN3BB,1,8de7079d-84f7-40be-adf7-e0dcfa3d6629
Uma Blair,43,0,2010-08-08,ornare.placerat@yahoo.net,851786115,BFNDVS244,2020-02-10,RPF71NQY1HJ,1,8e85c47e-2746-4558-a9de-feaebfe3963c
Marsden Joseph,32,0,1971-04-18,ligula@protonmail.org,712368811,YPCNEJ089,2022-04-12,UOR63FYB3NF,1,a2a7077a-32db-4507-911c-83ea84c9fcf8
Iliana Patel,15,0,1990-02-28,eleifend.vitae@hotmail.com,833899633,UTLWYW547,2020-08-07,IBI92ZXF9BX,1,eaf26dd9-bb05-4a39-ae79-ae8121169824
Jelani Dean,15,1,1977-12-26,aliquam.rutrum.lorem@protonmail.net,16784758,UWZUJB841,2024-05-20,OPK14CRZ8MV,1,2a016681-806c-4328-8c97-2456142f4ca3
Sebastian Whitley,28,1,1998-01-04,eu@hotmail.org,72565275,DMCRPV177,2020-07-01,QLY55MVG3FL,1,88316891-c009-47a5-a70f-a89899b8019a
Jemima Richards,50,1,1994-12-28,nunc.ullamcorper@outlook.org,174828191,VILOUI030,2019-12-31,UGM55MJM6YZ,1,ff24075c-6bd3-437b-bff8-f45803c397b4
Austin Kaufman,45,0,1982-07-13,pellentesque@outlook.net,708572746,MAMFZQ306,2023-09-22,CIC73MOI9CZ,1,7f9bf5f2-67ec-46d6-b21b-77a8ecb97190
Germaine Evans,31,0,2003-11-30,vitae.orci.phasellus@icloud.net,285173792,EIIPFF147,2024-06-16,GSA83DFM5WU,1,c126e5ae-6b7e-4329-aa1b-89aef375e1f5
Mercedes Young,47,1,1978-12-06,at.pede.cras@google.edu,586740746,VMEVYQ424,2021-10-25,WEL21KZW3BO,1,5cf58b73-8baa-4b78-9823-84f88ec4b485
Galena Sellers,36,1,1979-07-08,vitae.odio@yahoo.com,612975088,IOBPVR278,2025-09-11,VRS40GIR8ZG,1,50c3a235-db8c-4c02-8f84-0df48da6e4d7
Shelby Sellers,23,0,1979-01-23,non@aol.couk,885182816,WZCTYI861,2024-05-04,TNZ56IDQ5LF,1,bdd4985e-5f17-4b26-9c40-1a64cb776cb5
Nicholas Snider,18,0,1981-04-28,ipsum.primis.in@aol.couk,744221512,PZRPOZ844,2020-04-19,USJ94ILT5MW,1,667c2b57-9460-4549-80f5-db5c82aed78b
Alyssa Boyd,19,1,2011-06-16,sit.amet@protonmail.edu,166574865,YRGLMN366,2024-09-16,IBP05UPW6TR,1,472ec856-3817-46a2-b2b9-ee2b39c8d58f
Joshua Lott,10,1,1986-04-07,in.at@hotmail.couk,220209276,CTILQK264,2025-10-12,OQK79IYW2NX,1,c530c4d5-8106-4351-b35d-74ee99a2f543
Illiana Carey,33,0,1985-04-30,dolor.sit@hotmail.com,168296412,ZLGCFK084,2021-12-11,JDJ61XSX1IP,1,9d517f30-b7e7-4f86-a8ba-501d625b5999
Zia Hopkins,39,0,1980-12-27,ligula.eu@aol.com,157540684,HFZLXK963,2023-12-04,PTJ06SDG1NY,1,8be9c6d1-41af-4dfc-8698-6785e3446d67
Clarke Clay,12,1,1980-03-11,massa.rutrum.magna@outlook.com,498898298,BUGDGK881,2021-09-06,WPV59QXB0XP,1,293c7489-9c23-439c-8545-01c8cc528205
Elliott Rios,25,1,1991-10-31,auctor@aol.net,227697528,LEYDHL508,2025-09-07,XAC25CFF2BP,1,b3b9d44b-a8b1-48a8-a23e-fc470faeb4d8
Carl Kennedy,12,0,1990-07-12,vulputate.velit@protonmail.ca,437955871,XSPVQL181,2023-02-08,LRY87GFU2HW,1,28a6995c-00a3-4347-a65b-d31e35121150
Leslie Lindsay,36,1,2004-07-20,curabitur.sed.tortor@yahoo.couk,63018583,LUPPWR312,2022-02-14,ARI70DBO7AY,1,0fd4b15f-0644-4247-9999-e43c00d7dad6
Hayes Santiago,33,1,1976-11-15,aliquam.erat.volutpat@hotmail.org,826218291,LSXGCO284,2022-04-24,TYV40FOI5QK,1,c854bf44-387e-459f-870f-f62081f700eb
Diana Howell,41,0,1982-06-08,adipiscing.lacus.ut@protonmail.com,330464056,IVPGEU919,2023-04-15,ESS55AJD1WP,1,2e5f0e44-3f84-454d-a88c-3eeee08e6150
Brandon Hebert,41,1,2011-08-25,quis.pede.praesent@aol.couk,406804205,CYBLEM782,2022-05-14,DMB06ILN4RK,1,70e78fa3-6a11-481d-b7c9-221aa164d3fc
Bell Harris,12,0,1991-06-04,imperdiet.ornare.in@hotmail.com,75291822,YBDPHE806,2020-04-03,VAW22XPU6VS,1,9aa41fcf-58e8-4ec9-8872-b511bf2be17b
Morgan Zamora,31,0,1989-02-01,sodales.at@hotmail.edu,128474145,RKVVFO327,2020-01-23,KML69GTE6VR,1,a722ea83-f477-400f-a810-00affd7532fe
Vincent Savage,33,1,1978-12-10,mollis.nec.cursus@aol.edu,158271426,FOHGXA239,2021-07-10,TQY32YBP6UA,1,116def51-4f54-4074-a4f3-fc2e0b837719
Yuli Dawson,28,1,1975-12-02,et.ipsum@icloud.couk,362387186,LXOEMP587,2022-01-02,JIZ54SFD4MR,1,b181713c-a4a8-4141-b688-6d364d5a247f
Tanner Tucker,37,0,1998-05-30,et.magna.praesent@hotmail.edu,463585419,TWUYBU731,2022-11-24,CJG45FLG3JP,1,e417802c-f568-477b-94df-971903024c2c
Freya Bailey,17,0,1997-04-27,arcu.iaculis.enim@outlook.org,422424809,DSDEJD756,2023-03-04,ZLR84WCQ5VV,1,6c5f532c-f5df-4638-bd16-ace7b9526247
Quin Robinson,10,1,1973-04-26,nec.ante@google.couk,962355725,TJGABR513,2020-06-02,JFX82NEQ2UW,1,90fb6856-d45d-4c92-a13c-c3804dcb6384
Maxine Chen,27,0,1983-08-24,consequat.lectus@hotmail.org,162693272,YDUULC584,2022-09-10,LRN84XHU6ET,1,601c2d84-9250-4571-88fa-135f884672b1
Harriet Le,35,1,1997-09-21,pellentesque.tincidunt.tempus@outlook.com,698256257,LGCMMO135,2019-11-22,TZH18SDC0UR,1,56ebdb86-a048-4145-9eee-640ef75ee964
Cara Wolfe,19,1,2008-11-21,turpis@icloud.org,681711472,NJDBNN456,2022-05-08,QLQ28QNM4NP,1,24bb65ab-69f2-4c07-96b2-f8b8fac4b8d7
Ariel Hobbs,26,0,1971-04-15,commodo.hendrerit@outlook.couk,562734682,XAPVPL528,2024-08-07,GVP55YKU6PJ,1,b7fc8205-dcc2-4472-9b8d-4d8630e0d710
Karleigh Armstrong,28,1,1985-01-01,sed.consequat@outlook.couk,996643135,GUBXFZ651,2020-03-19,KBB38MZL1KR,1,411ed888-3456-499e-825f-58d8a323d301
Connor Hunt,44,0,2011-10-30,metus.aenean@outlook.couk,737184576,EJLXIZ883,2019-11-23,TBT11TWI6SH,1,fe56d10d-ee56-4308-ae99-ea2a820a146e
Ferdinand Rowe,21,1,1976-01-22,ut@google.edu,418456625,VHSCGC118,2020-10-30,PUG53EJF3VW,1,bbd62f5f-9141-4736-ba9b-d068f267f292
Henry Rodriguez,45,0,2011-09-16,tortor.at@outlook.com,532314431,JUVITD245,2020-10-21,SVB82NZO2PP,1,0ba2ca77-be1c-4173-99e7-52400e8a7fb3
Wyatt Goodwin,26,1,1979-09-04,lacus.quisque@aol.edu,727098192,TXNESE117,2024-05-05,HME85BID3FT,1,839f40ac-c886-4097-a4f0-e50a88a61ea4
Galena Byrd,17,0,1974-01-10,lorem.eget@aol.org,695203981,UOVFOG270,2020-06-14,NYH08EWX6EX,1,51c45874-5215-4c55-a45a-fc9380c8d28a
Miriam Hawkins,18,0,2010-06-13,sociosqu@aol.couk,222211734,QDGGQQ238,2024-03-11,FWT36JJM1AJ,1,20717ac7-07a6-4f6a-bbea-4fa21a179709
Karen Knapp,11,0,1984-09-11,faucibus.ut@outlook.ca,904749421,QWWGCK257,2020-06-29,AHC54LTX8YA,1,2913dfe5-b1b4-4b32-a7b8-083b66452eb7
Selma Strickland,42,1,2000-09-05,sit.amet@outlook.org,380054684,XFPIHT003,2022-12-05,NTM38JUC0RP,1,eabb3c5a-6504-4045-99ae-961efdefa871
Randall Harrell,32,1,1996-07-19,leo.morbi@hotmail.net,417615523,EUEOVS641,2020-05-23,JNO46HHP5SP,1,3b4701cc-a174-4bdb-91e6-765bcc567ecb
Audra Warner,14,1,1975-02-14,dui.fusce@outlook.couk,791495597,XIPMMX367,2023-08-10,NSB17GQE5JZ,1,3eb36d4e-610a-45f7-b490-e60e4562614a
Britanney Berger,49,0,1984-09-26,luctus@aol.edu,840350325,IEWPVB831,2021-07-19,PYI53WXI4QY,1,327a4038-bd7d-4b95-9e83-8a1761ad3440
Howard Pickett,20,0,2009-12-17,cras@protonmail.com,344365835,MTDTHG224,2024-11-24,DII53LCR2QU,1,adc64bab-391c-4314-b37a-5d5660257048
Alyssa Rodriguez,30,0,2003-12-19,pede.suspendisse@icloud.org,458653863,OLGUHP725,2024-05-17,EOU75ZTI1ZF,1,84493d34-5ee4-4aee-8186-6e560482aaf3
Anastasia Valdez,45,1,2004-02-26,tristique.senectus@icloud.com,500844038,PTRVUF248,2023-06-11,DVC75BSI0RH,1,1b2a1bb9-4b1e-4d74-af58-8ec2adeffd2e
Jackson Wiley,33,1,1980-06-08,eu.dui.cum@hotmail.com,285630289,UBURQF323,2025-07-24,QJB37TBE6NU,1,ed0d6967-538e-494d-85bd-ee35e3fc5217
Latifah Becker,22,0,1976-05-10,etiam@google.ca,725109856,HTWVEH405,2022-03-02,DHP86NVX5ZB,1,80ade779-5b60-456f-9aa7-9f4ac8b43478
Dieter Carr,20,1,2000-10-13,malesuada.id@hotmail.ca,774842315,NSRIHY799,2021-03-01,VFU08EMV7NB,1,e808d21c-70ee-4d03-a52a-0eac2e5b94b0
Emery Navarro,21,0,1972-08-12,ut.aliquam.iaculis@google.edu,767976284,GRMKKN897,2023-03-11,OME07RSJ6CK,1,8746acf3-a1ee-4a43-92d7-9733500113a0
Arsenio Allison,37,0,1974-10-11,dui@hotmail.net,986583665,UIKDCH248,2023-08-04,QVY84LBE8QR,1,1af0b3db-e970-424d-8d4a-b4c18850eb6a
Lamar Garrison,41,0,1988-05-30,consectetuer@hotmail.edu,863411119,KOJCWZ464,2023-10-20,QNP56PEG7JN,1,6ea497fd-7823-45e4-a7fe-cb0e17fc36ef
Jemima Pugh,21,0,1980-04-01,nibh.aliquam@google.com,274286321,SXTTBW024,2022-09-17,DOO19XHW3WE,1,17a873dc-1aa8-44cd-82a2-a0107c88ba19
Maggy Christensen,29,0,1976-12-21,convallis.ligula@google.ca,116416817,HPQJLS286,2025-01-19,QQA18KQH7EX,1,b76effad-f219-480a-9bff-710bcdfd8a75
Brent Downs,36,1,2011-11-07,vehicula.aliquet.libero@hotmail.couk,397488276,VEPFJF419,2020-05-22,XHX81LVF6GD,1,69d4ab82-efc4-4b32-8ee0-d2003aa70284
Joy Atkinson,12,0,1973-01-29,velit@aol.com,646856578,LSPKJT676,2021-01-07,PKL41YJG6LL,1,f926a153-b94d-4ce4-8e16-4910778840bc
Francis Armstrong,24,1,2001-09-23,sagittis@icloud.edu,714115810,LKUINX461,2020-11-27,GRE48WZC4CW,1,720c9ebb-016e-4b46-a771-6121a40a98b1
Declan Pitts,15,1,2000-11-22,adipiscing.ligula@icloud.edu,654815726,UHRMFK374,2023-03-19,GKK45LOR1US,1,91861fe0-dbcd-42f8-89f5-28cee0758903
Thaddeus Garner,40,1,2010-07-18,integer.sem@yahoo.ca,436926212,AZQOSD324,2025-03-06,BDO22ALQ8BZ,1,9ec1bd85-a612-4f96-8a4c-3ab1c75c5885
Nadine Luna,27,0,2012-06-20,ante.lectus@hotmail.com,326814221,EWCDUZ845,2020-03-01,PDZ15XUG8NC,1,75c056d4-5a35-4db9-8407-0e6b59331d89
Dane Barton,36,1,1989-03-08,semper.nam.tempor@hotmail.com,483868360,HJBDKL626,2020-10-07,RHY98UOJ5WU,1,9cd66bbf-2568-43e6-8f5f-4e585cb86dd8
Adrian Meyer,12,1,1990-07-10,elementum@icloud.com,173453441,CUEMNC143,2025-04-21,PAX94XMP0IU,1,550580af-3ec8-488e-893b-8f0ffbf74cf5
Buckminster Hardin,37,0,1997-08-19,phasellus.dapibus@google.net,164882186,OBDCXN256,2024-07-22,ESY67GXA0YU,1,7e6c0864-4181-4b54-a398-9a20e27b1ac7
Chandler O'donnell,44,1,1998-09-29,blandit.at@hotmail.net,44248518,CUHLHU210,2020-07-03,GJL63AHC1HY,1,0385c398-bae3-438e-a75c-baf1bb926d77
Zeus Kerr,43,1,1989-07-07,nunc.sed@hotmail.net,257028550,KDTRUL588,2022-10-02,UMR54VGR7OO,1,3193b23b-3b12-4e5b-8358-d29bbef26037
Yeo Guzman,36,1,1990-05-27,enim.suspendisse.aliquet@google.couk,566021257,BUDSTS721,2021-10-11,KRX32MTO9MW,1,940f6bff-5f96-4dab-a3ca-4ac78ac2be8a
Kristen Maynard,47,0,2005-08-11,aliquam.ornare@protonmail.org,11267623,BNVHWK790,2024-05-24,CRU28EPM6ML,1,4883dfe2-ece6-473d-b006-293530b38d33
Allistair Pruitt,26,0,1981-06-09,enim@protonmail.edu,772217963,EQZFUD174,2021-10-22,QRO17JMQ8AZ,1,6eeb86b5-b757-4604-bb7d-fb477af8414b
Diana Bonner,44,1,2011-07-24,nascetur.ridiculus.mus@icloud.org,933450419,DICLLG635,2022-10-16,CLQ83VLC3RL,1,e60d0e45-dc06-4eca-9822-4233c9ea31b8
Graham Howe,11,0,1990-03-30,metus.in@hotmail.ca,245847811,OQOKWD432,2019-11-09,OQJ49QYF6NC,1,4eb7e334-7000-4d22-a4d7-cbb526b0203d
Xaviera Wilkerson,16,0,2010-04-26,cursus.diam@yahoo.com,561164038,GVUTME941,2021-01-02,ZLA03WKC1WB,1,de594157-9c6f-499b-9547-86f17d37ee21
Steven Gregory,49,1,2005-01-03,nunc.ac@google.com,539312330,TBCVLP141,2020-05-02,SFK15WSW1WC,1,3e557870-10ed-4698-9192-0b0b3e16ffca
Ferris Mcconnell,47,1,2008-10-03,elit@icloud.ca,645178145,JEQPZJ370,2019-12-13,HVQ71WDJ5GH,1,5011d2aa-4078-417c-bd84-cb1ac14e8f86
Jasper Doyle,46,1,1988-01-24,in.tincidunt@yahoo.couk,331344568,FYSYDE228,2020-10-31,EDE33TSU5UB,1,63727b0a-0a0d-4ff2-a89a-119fe92bd84b
Brandon Kim,16,0,1974-11-27,sodales@icloud.net,258946354,XTTTNR624,2020-12-12,TZT50LOA6SB,1,f40a940a-2701-41da-a7e7-48639944120f
Gillian Velasquez,44,0,1984-06-06,iaculis.quis.pede@icloud.com,863638757,XKBQXW861,2021-04-19,RKZ04RMD4YM,1,e574bf4e-7ecf-4555-bca5-fc2518670e58
Quinn Albert,21,1,1984-09-28,nunc.sed.orci@outlook.com,365414471,AKLDTG838,2020-07-05,XUH17KVX7UD,1,7656b919-ea12-4f08-a19a-50819ff5f20b
Kelsie Best,13,1,1994-03-21,facilisis.magna@icloud.couk,186177683,WNUGEJ182,2020-05-14,QUW38PSG4DF,1,e1b45dfe-3f6a-41cd-a670-a4288a249d17
Ursa Newman,28,0,1988-03-11,placerat@aol.couk,369851228,VSURPW833,2023-09-20,WFQ70QSO9JR,1,0460db22-fcd1-490a-80a6-490d829ffb8c
Hakeem Dillon,49,0,2000-04-04,nulla.interdum.curabitur@aol.ca,855259516,KGRPZC168,2020-08-19,ZOT27TDV9XC,1,264cd9b0-fe1b-4386-b079-34705c47f373
Emma Cameron,11,0,2012-10-05,lacus.etiam@google.couk,591787735,SQRHXY464,2023-05-15,WCO56UGS6OP,1,c9bb0e44-76f8-4f5f-b0d1-d188f90b34d0
Scott Le,33,0,1992-01-06,suscipit.nonummy@icloud.couk,669228704,YJWHUG569,2025-02-17,AIP80UER6ZX,1,75ab27ea-f297-4a98-b620-d7042d3e2f58
Rachel Bond,31,0,1988-02-15,venenatis.lacus@aol.org,561974337,SFCYJT314,2024-12-22,DKS11LCK3PQ,1,8ebc9fe5-9f72-459b-ab55-d56282aa8488
Channing Chambers,46,0,2010-08-17,mauris@google.net,937207433,UZHTQY751,2023-12-28,VNR23LHX6FP,1,e4b4f6bd-ad76-4041-b921-3e2fcaf119ff
Elton Fisher,26,0,1997-08-04,ut.molestie@yahoo.couk,726878185,FHRFXR242,2022-07-29,MUD66FVQ7AR,1,4cde5386-32f6-4f08-969a-a849accec68f
Lars Hanson,29,1,2011-11-12,quisque@outlook.ca,640086425,ICDIVV514,2025-01-18,CYI64AGV0MM,1,6e8b7043-585b-4811-9c6f-c4a367e283e4
Amber Rhodes,41,1,2001-03-04,pellentesque@yahoo.com,128166676,NMIJKJ733,2024-08-28,ECT48FHY8SL,1,3fde580a-c7c9-4945-91c6-c89e72da1dbd
Chancellor Blackburn,43,1,2002-08-10,lorem.eu.metus@hotmail.couk,258455453,TMVOQA651,2024-08-26,RGB92PCP4KX,1,830c8400-cb21-4ad5-9578-8678424e8212
Yetta Ware,29,0,2004-04-29,tortor@google.edu,467443027,WIYPUX710,2024-05-04,MIO38OWJ9DD,1,3ac7a89c-4556-452c-8653-576c91ace7e6
Ryan Pope,30,1,1971-04-03,lacus@yahoo.net,277142346,QDSMYE312,2023-05-19,BVY56IZF1HN,1,ddfe72ac-2551-4f63-8bab-879cf372fce4
Howard Robertson,36,1,2010-09-24,posuere.vulputate@outlook.ca,518171868,HYYSNR841,2023-01-07,YWF14FCZ2CO,1,55b5f8e4-41cc-48d2-b423-ebea8943db27
Hammett Wood,39,0,1980-04-02,lacinia.orci@google.com,826865971,ILZJTC528,2020-05-06,YLH71BYL3GK,1,c00255ec-0836-48ef-933b-b5a59553e14b
Justine Stewart,33,0,1976-12-02,eget.laoreet@protonmail.edu,130552893,BHGGGW455,2023-07-01,ITD28LQX7BQ,1,0dfa1e74-2d60-4d84-834c-c4411c4db3ae
Odysseus Shelton,40,0,2007-08-29,nullam.ut@yahoo.net,939834645,MEBPHO305,2022-07-16,BCF76VYI2SR,1,3352419f-da87-475e-ac33-22f05f75d5c8
Akeem Mcgee,41,1,2009-05-07,pellentesque@hotmail.org,126106463,OIDOIB678,2020-08-27,EYS69OPR3HW,1,6a24b307-28ec-4cb5-a911-8a6b9c2dcb4a
Dacey Santiago,39,0,1996-02-05,ipsum.suspendisse.non@yahoo.ca,117676242,XVGMNM421,2021-12-16,VJB73YTR9ES,1,f5b66ccc-4771-4108-b8a2-8d002da8e843
Noah Duran,12,1,1992-06-24,in.nec@yahoo.ca,174421863,QPEPVW508,2020-01-01,SVJ50DDR3IW,1,94b23eea-1ef9-4966-9b3c-b6e6e9678fbd
Kimberly Carr,27,1,2012-03-22,purus.gravida@yahoo.edu,478843655,WPNSKK347,2025-03-24,IRH12KLE2GJ,1,73e5bbbc-24f5-49ce-9f96-c4c8b9d20657
Virginia Kelley,34,1,2012-06-13,nulla.cras@outlook.com,524219509,XCHIST918,2024-08-26,IFS41HWT0NH,1,40a9e220-5787-4060-aad0-f3a78f063b80
Clare Bush,10,0,1973-05-03,sed.dolor.fusce@yahoo.org,692264263,EOJBER871,2025-09-30,DAS76FZB8YT,1,80e8a66a-b6e3-4290-b908-9901807a8678
Orlando Hays,45,1,1975-12-24,at.lacus@google.couk,524832722,IUHCGK288,2021-05-30,QQI43KBK1RY,1,5eadee33-9e27-4ec2-bd27-dbe043905f87
Valentine Stanley,24,1,2001-09-20,libero.est.congue@hotmail.ca,401947655,SRBMDF887,2020-04-14,KTP36HNF6EC,1,3fb608eb-0f77-49c2-92e9-c97ddf2c015c
Genevieve Serrano,34,1,2001-06-21,curabitur.consequat@aol.edu,878854370,OVOICH785,2019-12-28,HPY68XMV5MO,1,c3f11dd4-7907-492f-83a3-25e38ed8a835
Alan Rosales,28,1,2005-03-30,mollis@yahoo.edu,332434742,NDOGFC457,2024-07-12,NTD12TWC6EE,1,d77bbfb6-646b-4d5e-b644-92067998f4bb
Elijah O'brien,26,0,2005-01-26,mauris.quis@aol.com,467366275,QNCROJ387,2024-02-22,LTM96HGS8PN,1,baf5d73f-cb97-448a-b556-466fd52d0f92
Dahlia Huffman,31,1,1974-02-10,feugiat@google.ca,678730184,YULPNC295,2019-12-02,TRP63AVR8EF,1,042e159e-dd56-4e95-b18a-5ee6b01be614
Beau Hubbard,34,0,1971-08-26,diam.sed@yahoo.org,318145170,PIFDFH322,2025-02-14,JVW26DPF6LJ,1,63f08d91-25bd-454c-b655-47ba6530eb6f
Merritt Sharp,33,0,1993-04-19,consectetuer.euismod@yahoo.com,241294451,ESTYVU966,2020-10-17,PWB24FPV5PG,1,5ba4c8a2-8e9f-4e79-a4a7-23fd38c8226a
Priscilla Spears,25,0,2001-10-10,facilisis@hotmail.net,633737893,VTQDPG425,2024-03-20,RTC33IUQ1JV,1,eba004db-f643-416d-9942-dee3d60d68b6
Luke Bauer,17,1,2001-11-30,dolor.dapibus@google.net,306352325,QEMTVU096,2024-06-20,XRW18QRQ5GJ,1,bbba6f0b-d949-40ce-9805-36b613c7ff93
Samson Ortega,24,1,1970-05-20,tempus.non.lacinia@outlook.ca,235663594,TLUSVC201,2021-08-07,OKF43PIT2LH,1,85e69fb5-739c-4bd3-ab3d-dd141755889d
Iona Foley,42,1,1995-11-14,ligula.tortor@yahoo.org,575837267,SMAKTN517,2020-04-14,NQD26LOD1KQ,1,cebce4f8-67a3-433c-96d5-e8c79e9e0f78
Simone Dudley,41,0,2003-07-02,nonummy.ipsum@outlook.org,431379598,BYXTJQ729,2022-03-28,UTO84FUW5KD,1,381ea1a3-6352-4e62-8802-6fbc12c24cae
Genevieve Oneal,37,1,2003-01-23,ante@aol.org,552377266,FZRUNP544,2023-01-24,UBS29OVL0RB,1,781d2d32-d140-493a-b838-50b8344df629
Priscilla Willis,40,1,1987-07-03,vel@google.edu,186470426,TSXFRU178,2021-11-01,AWP83RUR3IN,1,6bfb5ba5-d71d-45ec-a2f6-e1aa41c1f41e
Rowan Irwin,20,1,1994-06-23,arcu.et@yahoo.edu,490478529,YGCVAV411,2025-04-10,ZSA94WIU8EB,1,675473d7-d13f-4a59-b353-777ec8b33ba9
Wylie Bryant,33,1,1987-11-06,nunc.in@icloud.ca,397694444,KSTXTY588,2020-11-29,TPJ74KYV8LH,1,e86b97fe-f933-4dea-90ce-fbf3e0f64890
Damian Bennett,15,0,1996-09-30,dolor.dolor.tempus@outlook.org,648348870,THDPEQ147,2023-04-20,STK46GNR3KK,1,54c4371b-86b3-4427-8c66-845f66940707
Steven Malone,19,0,1990-06-10,faucibus.orci@google.ca,134834274,NYFPMC228,2022-06-04,EQL33NXF8IM,1,49937cb1-0f4d-4be3-8761-be76e1cd1a04
Phillip Richard,28,0,1981-05-15,semper.nam@yahoo.org,832184146,FUVQVX457,2023-04-06,WZO47WAM1VJ,1,0d74e181-acaf-4c86-8f26-ab57f40dfbec
Alexis Barton,34,1,1994-10-10,erat.sed@google.edu,453698644,YXXEBT684,2024-06-11,DQR85LLI1YR,1,eb8cafc9-faae-42a3-ab22-a9d59f2694da
Ryan Hensley,17,0,2009-11-28,nulla.cras@protonmail.edu,417497593,JTFNCI503,2021-11-16,RLT66DDU6TI,1,dd60247f-bbcf-4522-a334-3e988dbab71e
Mercedes Cherry,16,0,1997-11-20,elit.curabitur.sed@yahoo.ca,270798438,QAAIRT495,2020-07-04,HXN27TTQ6FK,1,99d7fa43-682c-4ce6-b8a3-f4cfcd7c8b14
Eric Abbott,46,1,1986-05-01,massa.rutrum@yahoo.org,905131768,HQUQGX746,2023-08-08,KGA73ALK8UX,1,1e040f4e-769f-4ec9-9932-807b076e7397
Edan Bonner,16,1,1976-02-24,duis.dignissim@aol.net,657188049,WXUBEI287,2025-08-15,FOY07DXK8GX,1,2fd2b5cf-be3e-462a-9ae5-75532a21a369
Arsenio Fitzgerald,17,1,1989-02-13,nam@outlook.com,574821823,JKVPQD642,2021-10-20,ESS05XEE8WQ,1,b631e3c5-7b8a-495c-acee-24974badd9fc
Lawrence Hood,39,1,1974-02-26,sed.dui@hotmail.couk,38776818,IJWNIG831,2024-03-13,FTL10DFI5HC,1,e110df6e-e0bd-4a87-a7f3-54f0394968a1
Bryar Martin,20,1,1986-05-07,proin.vel@icloud.net,813537357,LFXDFS864,2024-01-21,FOH85RJH7TS,1,aa581b74-0287-4301-8a45-24afe1af6171
Yoshio Andrews,21,0,2005-02-19,nec.cursus@yahoo.couk,162353861,TETJFC257,2023-03-09,UTM58MKV4UL,1,e509f840-ea8c-42f6-bb5d-3836f9448745
Lawrence Kaufman,35,1,1980-01-15,sed.dui@google.ca,300464733,CHPZFJ447,2025-09-18,HGH63XME2SP,1,67ef0fcf-30db-495e-84d4-2c042679d03e
Beau Giles,44,1,2012-12-09,lectus.cum.sociis@protonmail.edu,303313416,JTDIGN283,2020-06-24,MMG86MLO8ED,1,5699e97f-0eb9-4f87-b865-4772cc8b24b5
Cleo Ferguson,37,0,1993-12-18,non.leo.vivamus@protonmail.couk,419478345,UGKXXX554,2022-09-04,JER92FKA8TY,1,41a97d94-74d0-404e-966f-e49ed3eb853b
Neville Cortez,31,0,1989-07-30,luctus.lobortis@protonmail.couk,966244950,IXADCV618,2025-08-02,FSG06GWY6LM,1,d1ae211a-13c1-484d-a716-0cf5432f61ec
Teagan Chambers,17,0,1999-02-03,ipsum.ac@icloud.edu,583121262,LCQKHI856,2022-09-20,VXV72UXF1MZ,1,6375f5ec-5477-4930-a4dc-e688aa436460
Ryan Wagner,41,1,1996-06-28,ac@outlook.edu,633475989,WJHGUR453,2025-08-09,WOJ21FSG8XK,1,69f9423c-c734-4340-a4f2-c9109172647d
Lewis Melendez,45,0,2010-02-03,lorem.vitae.odio@yahoo.couk,824129012,MTDBBZ329,2025-02-04,YLQ12UBT1ML,1,5f8e7f8f-3d12-4f1b-8227-970ebfa316d4
Fletcher Cook,24,0,1979-10-14,nulla.integer.vulputate@protonmail.ca,386252518,RRYQJY453,2020-12-13,PDY37TWE4VA,1,f4fd5ae9-65b2-4e66-bfe0-10b390bfac0b
Guy Perry,17,1,2010-08-26,lorem@yahoo.edu,780768428,HLQYDR864,2022-01-23,BIT32RBM9KB,1,3912b1a9-1305-4ab3-b2ba-64fd4e9bf72d
Autumn Holman,36,0,1996-07-05,nunc.quis@icloud.org,430427463,XZXQQS165,2020-07-30,ODU58VOS7KF,1,f0d109c9-ce99-48bf-9b8e-74396a61ec0a
Martin Greer,15,1,1989-11-18,nostra.per@aol.ca,90057521,QFNVFS228,2025-02-24,LJT83XEN9RA,1,e267bd24-bcdb-4cce-b453-792b81fc5b00
Hayden Fuentes,18,1,1981-04-26,sit@aol.org,45583348,FZZCEL886,2022-05-24,TZL98CDD3DK,1,556eca01-e9e5-4640-be05-32116795c15e
Shelly Lamb,50,0,1992-09-26,pede@yahoo.edu,415594370,RCKSQR268,2024-06-20,OWQ78QPV0LG,1,e0f9fecb-6ad2-400d-a6fc-7b32f6dff6c1
Eagan Flynn,27,0,1979-12-11,dui@yahoo.ca,752417043,DHQXXC506,2025-03-12,AHI42PEH8GG,1,4068dfe7-dcae-416c-8ec3-2195a8bad8c7
Jordan Mclean,49,1,1990-06-08,molestie.tellus@google.couk,291395933,IOMCRV111,2025-06-20,GIE14ELQ6FR,1,1e968886-4d3f-45e8-8d3f-43f64f3eb611
Ruby Travis,45,1,1987-05-28,pede.nunc@icloud.couk,885343158,EOCGLL870,2023-08-25,GMJ16MYB6VH,1,01bfafd1-c6d8-4c64-9e0b-4e5d5dc46e24
Len Lucas,45,1,1990-07-08,facilisis.non@hotmail.net,851493591,WYRIEU172,2024-09-06,LHF03LPM9EN,1,9018f333-8bf4-4e1b-95a9-a8529d07376b
Hiram Galloway,43,1,1977-09-13,vitae@aol.net,676601897,QKILUA984,2021-03-27,KPQ50UVD1XR,1,75533bfc-68d3-4969-964b-82fd6ae6823b
Uriel Patterson,48,0,1984-11-14,aliquet.libero@aol.org,918157420,JFXDDZ391,2024-11-04,OIL12RSF3OG,1,bcda9e73-0b6f-4be0-8dc5-84f1e86846e4
Len Blanchard,28,0,2010-04-05,mauris.id.sapien@icloud.com,56106842,HLBNLR832,2021-06-11,KGG31GCD6LG,1,bc0e1558-979d-4e9a-a930-eecbd308201f
Oscar Mckay,32,0,2010-10-24,cras@yahoo.net,387403587,NPNFJG143,2023-10-03,UVR12QWI8DJ,1,20c1e996-db00-4522-827f-a7859ba2b305
Hiram Strickland,34,1,1977-11-02,nulla.eu@yahoo.couk,515386338,LSQPUD655,2021-11-16,GGD04CLD3EL,1,f8acee67-5158-4666-82b7-e0d4a55d1aba
Dahlia Austin,12,0,1982-10-21,mi.pede@outlook.edu,83168214,BOSVRN123,2024-05-08,NBP52KCY9WQ,1,fd5d89ed-be4f-482f-aa54-23e46577fa39
Candace Shaw,21,0,1988-11-16,duis.sit@protonmail.com,223657231,ALLLNR265,2024-10-03,ENF62XPB4VI,1,a44b2b1f-8f73-4b8b-b080-deb8c00d5a54
Farrah Mckinney,38,0,1986-09-22,dui.semper@aol.ca,167889495,HFRUCL924,2022-08-02,BBU15XLW3AA,1,515a64e5-95b7-4ea2-94e0-86c4c3328134
Ezra Hopkins,24,1,1976-05-25,volutpat.nunc@hotmail.net,833622138,ARKFYP235,2025-05-12,CMS34ORF4RA,1,97900e15-8988-42eb-90ae-11349a14171c
Inez Hubbard,30,0,1977-02-22,nisi.mauris@protonmail.ca,739482104,ZCSBMM236,2023-12-28,SIK00MJO4NU,1,1c342211-fbf9-41b1-969d-3f6756e41d82
Nolan Stout,30,0,2001-03-10,magna.a@outlook.net,314543162,YHBEHW296,2023-02-14,QCC38NMM3ZY,1,07aed507-b2b8-461f-acb7-e880efe7e7ec
Asher Levine,21,1,1996-08-03,fusce@aol.couk,170795677,GMMBFT356,2021-02-14,VXE26SOM7VO,1,5e23b3da-02f7-434f-ad4d-ad15818b7469
Brandon Copeland,44,1,2001-06-17,nulla.in.tincidunt@hotmail.net,987636065,BMIQFH675,2020-11-21,YGK61GXO1OG,1,97fb680e-5e28-42a0-9777-aaffcaa64dbb
Kim Mcpherson,16,0,1971-06-18,scelerisque.scelerisque.dui@protonmail.ca,629128515,VRJYDT965,2023-05-11,MVM35OJF4JW,1,e6903edf-001f-4a7d-8d8c-28757d9cfee1
Yael Griffith,10,0,1996-07-01,nec.euismod@yahoo.ca,211828516,EPEVNJ268,2023-02-22,NHX28JBL6GT,1,2739af83-eaec-4fd4-b6e2-b4457fe43a30
Prescott Whitney,16,0,1981-05-27,magnis@yahoo.couk,631595578,VEDUYY001,2020-02-06,KBZ70YSY1NO,1,1edee39d-e17e-4692-9316-e4895a0da2dd
Jorden Meadows,49,0,1983-12-09,nullam.nisl@protonmail.org,628642697,LKQPQB345,2024-02-01,OCF83LLB5MU,1,aa0637c8-5fdf-4c4b-a4ac-68a97482d337
Lyle Donovan,23,0,1979-04-07,tristique.neque@icloud.ca,338552041,MRNSJB553,2019-12-04,DHR46ZOR1ZI,1,45a46801-4b8f-4bb9-8486-0c5764ef0416
Jamal Goff,27,0,2007-06-19,sit.amet@outlook.couk,591130338,FJUMPU886,2020-10-03,XOJ60MEX0PC,1,518cea81-df02-40f0-b069-f7ae7aeaf722
Gavin Shaw,35,1,1972-04-01,enim.suspendisse.aliquet@icloud.org,626176439,GJEYYK476,2020-05-28,HHE63VUS4YN,1,0bc563d6-37de-40cc-b80e-ea81d563556c
Zenaida Sanford,25,1,1988-11-09,tortor.at@aol.org,416857367,PHOENK352,2025-01-31,EMI38XRK5NG,1,f9eb8f6b-c1dd-4666-b446-f32db2d710f3
Hall Sharpe,39,1,2008-07-15,placerat.cras@icloud.edu,873596867,MBRDSY111,2024-03-28,SLS30BDR5DE,1,e4aed931-013d-406b-b9d8-10647554b48d
Nerea Davis,12,0,1989-03-16,dignissim.magna@outlook.edu,123071388,NZHNSE508,2024-01-02,FLV55NEK2PB,1,4c946407-56d7-4b87-a877-d306a931f0f7
Shana Thomas,34,1,1982-06-13,gravida.sagittis.duis@outlook.couk,441916641,CCYBXB441,2020-10-28,IEE88LGI8WI,1,6f74411c-abaf-4a71-8084-5eaab21a551c
Hedley Grant,11,1,2009-12-06,interdum.curabitur@yahoo.net,238182234,CFHVMD811,2025-03-23,VTG03MUM8ZF,1,00a088bb-41ac-4a39-9364-fc94ca242c4d
Amethyst Pearson,41,0,1973-06-29,blandit.congue.in@icloud.couk,88123953,JBJWGM646,2020-02-17,ARV75ANB5GO,1,d2e64714-1ac1-4ab9-91c9-762c102eba69
Clio Rollins,35,1,2007-10-14,integer.eu@google.net,522775487,UGGVQD822,2021-06-12,VEI34PRV1RW,1,98e584ac-4514-4c09-9935-ff48ddfd9c3d
Olivia Leon,27,0,1985-02-07,morbi.non@icloud.com,352117668,QCJROH856,2021-10-26,BDB56XIJ4UH,1,ff5ff4d6-9f49-45c5-b1cd-4facb08c444b
Joel Tyson,12,0,1973-07-03,egestas@hotmail.ca,946244209,ONSSJG044,2023-06-06,OHX68EIK0PS,1,8f26f8c8-8889-4560-8551-5573fa391825
Imogene Phelps,17,0,2009-11-01,sit.amet@yahoo.org,170843927,WHCEBT182,2024-08-17,EDG72KKG2WT,1,d44ba0ac-b884-4bb1-a4fc-63ead2e9b42c
Melvin Snow,12,0,1979-10-04,sed.facilisis.vitae@outlook.edu,872151552,IJIOFN894,2025-09-17,NJQ14FRP1QQ,1,e08d2bdb-6b17-4838-8230-9881e0d99cf2
Nyssa Palmer,30,0,2001-09-17,arcu.morbi@yahoo.com,175764387,GXFEUX833,2025-02-02,BAA65YVR5OV,1,5ffccffe-56f4-4ab0-85fa-15d6a0bf8118
Jaden Warren,33,0,1994-07-20,mi.aliquam@icloud.couk,487567128,TWWDNB760,2022-10-05,UEE43ZXK5BW,1,8dee5415-4cef-4eb1-a07e-7d22f4a91e33
Isaiah Summers,50,0,2008-03-12,tortor@icloud.com,888787670,BXMYLF885,2025-05-19,VPJ35JEC1PA,1,1964231f-8725-4b07-b5a7-d6feed24d9f3
Cynthia Yang,44,0,1994-02-09,augue.eu@outlook.couk,122002262,TORFGS446,2023-12-06,ION00TTM4ZI,1,c10c8f51-c808-4b8a-b7b0-953944e2c03c
Karyn Todd,10,1,1986-08-26,sem.mollis@outlook.net,868045770,FXKXCN764,2020-07-07,WVJ81BUG7DC,1,a9590a18-acdd-49ba-954c-68a38888f5bf
Hakeem Crane,25,1,2000-02-19,vulputate.posuere.vulputate@hotmail.net,323288270,PSGWKQ631,2025-08-10,NIV87LDY3WL,1,64f09c69-6d44-44de-beb1-ec39dcea9732
Rhea Osborne,45,1,1982-02-14,ornare.in@protonmail.com,232633448,KHTWEJ166,2021-04-15,XLY64RIW6KP,1,82a1bf8e-a7bc-4883-866c-e6ef153a1434
Farrah Prince,29,1,2008-03-29,morbi.accumsan@google.org,552674672,DPNFLM507,2022-11-22,DPQ61SBV4HD,1,003c3078-a691-4666-8277-77396099a423
May Lambert,27,0,1990-02-16,enim@yahoo.org,538325619,QFWYCI222,2021-10-30,VYH62YYL3SM,1,ed513166-b6ca-4106-8b0b-1279458a2643
Arthur Baxter,10,0,1979-11-25,vestibulum.ante.ipsum@outlook.couk,654145156,NDLCOH195,2021-02-10,QDQ67LMH6BO,1,7a4ed0f6-82bb-4021-8901-baf21bfe9880
Barrett Stone,22,0,1976-03-12,mollis@hotmail.ca,247436951,CHJDQH938,2020-01-20,JLX59QVN6RN,1,15585f5a-b0fb-4f31-a4ac-609dc0950415
Keelie Russo,31,0,2000-12-05,auctor.non@outlook.couk,478559662,VXKGKP379,2025-09-07,TMH20BGT8WQ,1,fd5ec1f2-2193-440a-8937-e96e1efc264f
Flynn Frost,40,0,1972-08-16,sit.amet.risus@yahoo.ca,342066697,MPKGLB162,2023-02-13,TYI69IVS9OF,1,bef48f04-0990-455d-a7f0-ec6e3208e145
Neve Anthony,38,0,1991-07-06,eu@outlook.net,656382722,SZGNHU101,2024-11-08,TGG60PYT1BJ,1,25870ce5-9d8c-4c59-a4ee-752e94ace97d
Hop Winters,46,0,2001-03-24,cras.dolor@google.ca,563447256,JGDQNI428,2022-12-02,QLK59HGY0TY,1,a719da0e-34fa-4914-83e1-1c840ec26a27
Francis Alvarez,43,0,1987-10-08,molestie@protonmail.couk,140378101,STYHPW684,2023-04-10,CSG58RGC0RK,1,95cddbe4-3c76-4349-ba3c-23c9b58b22f3
Riley Wheeler,23,1,1971-01-14,tincidunt.nunc.ac@protonmail.ca,354596625,DMNDFV608,2020-07-17,NRE28JBQ4EO,1,460e8b76-1a8e-44c3-a5fe-c6c3c58d7ec9
Nasim Brock,20,0,1996-06-15,aliquet.molestie.tellus@protonmail.org,474021454,VRPBTB237,2025-03-14,ILZ57SGQ7CJ,1,51062f55-4953-41a6-97bd-d0edb7d54107
Kelsie O'connor,15,1,1982-11-05,lectus.sit.amet@icloud.net,197578730,BEMQHY643,2025-04-28,XYO38KUJ8IV,1,0de9b0f2-9ed1-486a-91d3-cbea137d1bd2
Morgan Juarez,24,1,2004-08-22,viverra.maecenas@protonmail.ca,343759693,UNQYNR426,2021-05-22,CXH50SMO6DI,1,89071e2a-ca95-4e18-8dff-d5b0f9fb3dfc
Zelda Mathis,16,1,1978-05-25,tellus.faucibus@yahoo.com,887033494,TGJNKI769,2022-03-29,KBM12XRO2KF,1,2c150570-f880-41c2-b47a-ff4d43240b89
Zeus Wall,33,1,1991-05-23,lectus@icloud.com,539525373,OGXLQO484,2025-09-15,JEW35GWS7UQ,1,2b6f1447-1fa7-442f-a240-d4346e6c910d
Chester Smith,21,1,1996-06-12,vestibulum.massa@icloud.org,787768850,REPEOT558,2024-10-11,UIG74KGE3VP,1,12853026-9e44-46d6-b3ca-25e772fdee5f
Imogene Booth,46,1,1970-03-31,mi.aliquam@outlook.com,348527513,ALHBLB751,2021-05-29,KTT32GHM2LU,1,5f340e3a-c2be-4d32-8116-860e2e6f7981
Luke Glass,37,0,2005-01-09,bibendum@aol.net,455713246,RCMCIG321,2025-08-22,HQD78HDC8RK,1,3c13ce9a-11c9-4d4e-874a-e144cad545a3
Brennan Haley,16,0,1981-04-11,ipsum.porta.elit@yahoo.net,567769877,PAOYPU872,2025-10-12,VFB75NXY4TB,1,87253e8c-f5ad-4b06-af4b-eb309e70e96c
Savannah Sykes,27,1,1978-02-10,donec.nibh.enim@yahoo.ca,280121814,BSYLVT347,2024-11-14,FXT35YXW5RO,1,8a59e05d-4896-4089-bc04-97f59ea385b0
Tatiana Weber,24,0,1983-07-03,quis@hotmail.ca,806726036,AMRPEK155,2020-12-29,VUF78GVY3MM,1,34b523d5-115a-4c5a-82c5-bbbe9dc72b3a
Jesse Hartman,27,0,1985-08-18,nulla@aol.couk,75703723,YKHXIU184,2025-09-11,VYW08DRS6JO,1,b192cfef-b0cc-44fb-9148-2004f8fd5161
Alyssa Irwin,24,0,2012-05-26,et.lacinia@yahoo.edu,72769594,CWZXYC634,2022-10-03,YXR42EXW8EI,1,5770f3a8-d171-41ff-8d0d-a6fc4164e5e6
John Humphrey,41,1,1974-05-15,eleifend.non.dapibus@hotmail.ca,341722816,YSLRXH803,2025-10-16,ZQU55VKP1RK,1,4553e88d-3c26-4f64-b56d-6a366ce0e7a5
Naida Reynolds,40,1,1993-07-26,non.luctus@google.edu,397717238,VXMQNR154,2022-12-11,LNM77REO0SL,1,b8247e4c-957b-4cfd-8e84-e15ea77ee7bc
Declan Weeks,31,1,2005-01-24,mauris@outlook.org,542955277,NLIMKE853,2019-11-04,FJT84PXN4KT,1,f0bcc6ec-30fe-4b18-aa0e-29c1cc1c82ba
Forrest King,24,0,2009-06-17,auctor@icloud.edu,13738678,CSWYWL628,2022-06-14,PEG14LBX5SD,1,cc423c6e-afba-4b0c-8905-15f545a647bb
Irene Reed,36,0,1986-05-20,lorem.semper.auctor@outlook.couk,658654825,QYBLXP736,2024-02-06,BGP77UVT5RS,1,87a85614-31e8-4c72-a6ed-01360348fd7e
Myra Mccarty,20,0,1977-01-16,sagittis.augue@hotmail.edu,232264948,NZUMND477,2023-09-22,GMQ21PXH4OD,1,1135a37b-ad38-4247-b9fc-1efeee8b8f1c
Leandra Herman,48,0,1990-05-14,amet.consectetuer.adipiscing@google.net,417641516,LDYUCE688,2021-11-27,PVN25QPD6WH,1,7a272b00-8757-42c0-8147-cd666da6c8fa
Medge Pickett,33,0,1978-03-20,tincidunt.adipiscing@aol.org,196002120,SRICFP437,2020-08-25,XSG36PWQ8IE,1,987069bb-cc74-4d87-953f-0031855be5f7
Kelly Hendrix,23,1,1998-12-30,ut@google.couk,773816441,SBQCUZ679,2024-08-04,KRH41ZRQ4DD,1,52143c13-5e64-43d5-b231-f1c0bc0c4521
Seth Irwin,45,1,1980-10-22,odio.semper.cursus@outlook.ca,788662383,PQFRRX954,2024-05-18,QMU61LEL0VK,1,2879b2c1-e3e4-4c46-bfc2-7d9be92ba45e
Geoffrey Pitts,12,0,2003-02-23,adipiscing.ligula@google.edu,564727487,VMXBCW873,2023-04-15,XKD65WKG5DX,1,88b3b4b3-0b86-4b0c-8ede-867544ef1890
Slade Lambert,19,1,1970-08-13,lectus@hotmail.edu,476319482,CKTRFU318,2020-12-17,FMV15MLV3KV,1,14b2ba18-9a05-4ee0-80f8-f02ad57aa668
Genevieve Hooper,30,0,1994-12-28,vitae.mauris@aol.com,655396813,BOOKZP721,2023-01-12,VKD58GQZ8KZ,1,f168bba5-e1ea-48a3-a2da-cbe6567ddf19
